date,Sarah baseline,Phase 6 locked candidate
2019-05-06,-104.0,-104.0
2019-05-07,-249.5,-154.5
2019-05-08,-244.0,-174.0
2019-05-09,-186.5,-20.5
2019-05-10,-75.5,-50.5
2019-05-11,-75.5,-50.5
2019-05-12,-75.5,-50.5
2019-05-13,0.0,0.0
2019-05-14,-130.0,-88.0
2019-05-15,0.0,-177.5
2019-05-16,-28.5,-216.5
2019-05-17,-191.5,-273.0
2019-05-18,-191.5,-273.0
2019-05-19,-191.5,-273.0
2019-05-20,0.0,-327.5
2019-05-21,-11.0,-364.5
2019-05-22,-40.5,-405.0
2019-05-23,-145.0,-436.5
2019-05-24,-209.0,-500.5
2019-05-25,-209.0,-500.5
2019-05-26,-209.0,-500.5
2019-05-27,-196.5,-500.5
2019-05-28,-86.0,-551.0
2019-05-29,-89.5,-518.5
2019-05-30,-225.0,-548.5
2019-05-31,-315.5,-639.0
2019-06-01,-315.5,-639.0
2019-06-02,-333.5,-657.0
2019-06-03,-196.5,-484.5
2019-06-04,-349.5,-498.5
2019-06-05,-387.0,-347.5
2019-06-06,-252.5,-394.5
2019-06-07,-181.5,-152.0
2019-06-08,-181.5,-152.0
2019-06-09,-181.5,-152.0
2019-06-10,-142.0,-152.0
2019-06-11,-8.5,-192.0
2019-06-12,-19.5,-203.0
2019-06-13,-47.0,-225.5
2019-06-14,-38.0,-197.0
2019-06-15,-38.0,-197.0
2019-06-16,-38.0,-197.0
2019-06-17,-43.0,-191.0
2019-06-18,-53.0,-205.5
2019-06-19,-36.5,-292.0
2019-06-20,-173.0,-318.5
2019-06-21,-204.5,-350.0
2019-06-22,-204.5,-350.0
2019-06-23,-204.5,-350.0
2019-06-24,-202.5,-321.5
2019-06-25,0.0,-389.0
2019-06-26,0.0,-326.0
2019-06-27,-28.0,-376.0
2019-06-28,0.0,-376.0
2019-06-29,0.0,-376.0
2019-06-30,0.0,-376.0
2019-07-01,0.0,-311.0
2019-07-02,0.0,-236.0
2019-07-03,-30.5,-266.5
2019-07-04,-68.5,-266.0
2019-07-05,-169.5,-304.5
2019-07-06,-169.5,-304.5
2019-07-07,-169.5,-304.5
2019-07-08,-180.5,-319.0
2019-07-09,-262.0,-362.0
2019-07-10,-338.0,-390.0
2019-07-11,-408.5,-407.5
2019-07-12,-435.5,-423.0
2019-07-13,-435.5,-423.0
2019-07-14,-458.5,-423.0
2019-07-15,-475.5,-440.0
2019-07-16,-389.5,-354.0
2019-07-17,-408.0,-363.5
2019-07-18,-257.0,-389.5
2019-07-19,-387.5,-446.0
2019-07-20,-387.5,-446.0
2019-07-21,-387.5,-446.0
2019-07-22,-428.5,-468.5
2019-07-23,-522.5,-562.5
2019-07-24,-611.0,-638.5
2019-07-25,-686.0,-713.5
2019-07-26,-614.0,-641.5
2019-07-27,-614.0,-641.5
2019-07-28,-614.0,-641.5
2019-07-29,-567.5,-668.0
2019-07-30,-556.0,-679.5
2019-07-31,-403.5,-509.5
2019-08-01,0.0,-160.0
2019-08-02,0.0,-160.0
2019-08-03,0.0,-160.0
2019-08-04,0.0,0.0
2019-08-05,-332.0,-152.5
2019-08-06,-421.5,-242.0
2019-08-07,-701.5,-365.0
2019-08-08,-594.5,-165.0
2019-08-09,-492.5,-173.5
2019-08-10,-492.5,-173.5
2019-08-11,-492.5,-227.0
2019-08-12,-277.0,-184.0
2019-08-13,-386.0,-228.5
2019-08-14,-722.0,-228.5
2019-08-15,-546.5,-253.0
2019-08-16,-697.0,-311.0
2019-08-17,-697.0,-311.0
2019-08-18,-722.5,-336.5
2019-08-19,-707.5,-336.5
2019-08-20,-782.0,-375.0
2019-08-21,-899.0,-375.0
2019-08-22,-1020.0,-386.0
2019-08-23,-1241.5,-483.5
2019-08-24,-1241.5,-483.5
2019-08-25,-1343.5,-483.5
2019-08-26,-999.5,-622.5
2019-08-27,-1039.0,-650.5
2019-08-28,-1073.0,-684.5
2019-08-29,-1218.0,-708.0
2019-08-30,-1307.0,-739.0
2019-08-31,-1307.0,-739.0
2019-09-01,-1319.0,-751.0
2019-09-02,-1406.5,-818.0
2019-09-03,-1498.5,-888.0
2019-09-04,-1308.5,-698.0
2019-09-05,-1365.5,-733.0
2019-09-06,-1384.0,-765.0
2019-09-07,-1384.0,-765.0
2019-09-08,-1384.0,-765.0
2019-09-09,-1322.0,-781.0
2019-09-10,-1252.5,-792.5
2019-09-11,-1375.0,-639.5
2019-09-12,-1393.0,-641.5
2019-09-13,-1447.5,-675.5
2019-09-14,-1447.5,-675.5
2019-09-15,-1447.5,-724.5
2019-09-16,-1351.5,-768.5
2019-09-17,-1392.0,-810.0
2019-09-18,-1306.5,-872.5
2019-09-19,-1241.0,-872.5
2019-09-20,-1421.5,-916.0
2019-09-21,-1421.5,-916.0
2019-09-22,-1421.5,-916.0
2019-09-23,-1382.0,-945.0
2019-09-24,-1583.0,-1082.0
2019-09-25,-1619.5,-1089.0
2019-09-26,-1656.5,-1126.0
2019-09-27,-1601.5,-1244.5
2019-09-28,-1601.5,-1244.5
2019-09-29,-1601.5,-1244.5
2019-09-30,-1675.5,-1295.0
2019-10-01,-1474.5,-1295.0
2019-10-02,-1566.5,-1326.5
2019-10-03,-1384.0,-1126.5
2019-10-04,-1411.0,-1126.5
2019-10-05,-1411.0,-1126.5
2019-10-06,-1411.0,-1126.5
2019-10-07,-1373.0,-1088.5
2019-10-08,-1550.0,-1097.5
2019-10-09,-1701.0,-1191.0
2019-10-10,-1827.5,-1342.5
2019-10-11,-1978.5,-1401.0
2019-10-12,-1978.5,-1401.0
2019-10-13,-1978.5,-1401.0
2019-10-14,-1985.5,-1408.0
2019-10-15,-2078.5,-1469.5
2019-10-16,-2095.0,-1486.0
2019-10-17,-2145.5,-1500.0
2019-10-18,-2216.5,-1448.5
2019-10-19,-2216.5,-1448.5
2019-10-20,-2216.5,-1448.5
2019-10-21,-2062.5,-1367.0
2019-10-22,-1889.5,-1180.5
2019-10-23,-1946.0,-1237.0
2019-10-24,-2003.5,-1237.0
2019-10-25,-1834.5,-1055.0
2019-10-26,-1834.5,-1055.0
2019-10-27,-1834.5,-1055.0
2019-10-28,-1840.0,-1060.5
2019-10-29,-1776.0,-950.0
2019-10-30,-1646.5,-820.5
2019-10-31,-1640.5,-748.5
2019-11-01,-1569.0,-757.5
2019-11-02,-1569.0,-757.5
2019-11-03,-1569.0,-757.5
2019-11-04,-1588.5,-761.0
2019-11-05,-1667.0,-788.5
2019-11-06,-1639.0,-735.0
2019-11-07,-1579.0,-668.5
2019-11-08,-1455.0,-689.5
2019-11-09,-1455.0,-689.5
2019-11-10,-1463.0,-697.5
2019-11-11,-1421.0,-720.5
2019-11-12,-1484.0,-760.0
2019-11-13,-1495.5,-794.5
2019-11-14,-1564.5,-857.5
2019-11-15,-1468.5,-882.5
2019-11-16,-1468.5,-882.5
2019-11-17,-1468.5,-882.5
2019-11-18,-1523.0,-905.0
2019-11-19,-1480.0,-936.0
2019-11-20,-1253.0,-1003.5
2019-11-21,-1254.0,-971.5
2019-11-22,-1255.0,-981.0
2019-11-23,-1255.0,-981.0
2019-11-24,-1255.0,-981.0
2019-11-25,-1384.5,-981.0
2019-11-26,-1424.5,-1004.0
2019-11-27,-1457.0,-1036.5
2019-11-28,-1413.0,-1036.5
2019-11-29,-1413.0,-1046.0
2019-11-30,-1413.0,-1046.0
2019-12-01,-1390.0,-1046.0
2019-12-02,-1463.0,-1083.0
2019-12-03,-1660.5,-1116.5
2019-12-04,-1687.5,-1136.5
2019-12-05,-1684.5,-1133.5
2019-12-06,-1695.5,-1144.5
2019-12-07,-1695.5,-1144.5
2019-12-08,-1708.0,-1157.0
2019-12-09,-1762.5,-1209.5
2019-12-10,-1702.5,-1149.5
2019-12-11,-1737.0,-1159.5
2019-12-12,-1602.5,-1068.0
2019-12-13,-1569.0,-1077.5
2019-12-14,-1569.0,-1077.5
2019-12-15,-1569.0,-1077.5
2019-12-16,-1551.5,-1060.0
2019-12-17,-1549.5,-1060.0
2019-12-18,-1605.0,-1064.0
2019-12-19,-1630.0,-1089.0
2019-12-20,-1636.5,-1095.5
2019-12-21,-1636.5,-1095.5
2019-12-22,-1636.5,-1095.5
2019-12-23,-1622.0,-1081.0
2019-12-24,-1646.5,-1090.0
2019-12-25,-1629.5,-1090.0
2019-12-26,-1629.5,-1090.0
2019-12-27,-1547.5,-1101.0
2019-12-28,-1547.5,-1101.0
2019-12-29,-1547.5,-1101.0
2019-12-30,-1597.5,-1101.0
2019-12-31,-1603.5,-1107.0
2020-01-01,-1603.5,-1107.0
2020-01-02,-1685.5,-1148.5
2020-01-03,-1630.0,-1203.0
2020-01-04,-1630.0,-1203.0
2020-01-05,-1630.0,-1203.0
2020-01-06,-1371.0,-1251.5
2020-01-07,-1554.0,-1355.5
2020-01-08,-1485.5,-1396.0
2020-01-09,-1537.5,-1448.0
2020-01-10,-1437.5,-1462.0
2020-01-11,-1437.5,-1462.0
2020-01-12,-1437.5,-1462.0
2020-01-13,-1483.5,-1469.5
2020-01-14,-1555.5,-1541.5
2020-01-15,-1633.5,-1607.5
2020-01-16,-1645.5,-1619.5
2020-01-17,-1670.5,-1628.0
2020-01-18,-1670.5,-1628.0
2020-01-19,-1670.5,-1628.0
2020-01-20,-1662.5,-1620.0
2020-01-21,-1690.5,-1677.0
2020-01-22,-1777.0,-1695.5
2020-01-23,-1671.5,-1706.5
2020-01-24,-1830.5,-1740.5
2020-01-25,-1830.5,-1740.5
2020-01-26,-1911.5,-1740.5
2020-01-27,-2123.0,-1813.0
2020-01-28,-2235.0,-1892.0
2020-01-29,-2302.5,-1935.0
2020-01-30,-2151.5,-2006.5
2020-01-31,-2477.5,-2029.5
2020-02-01,-2477.5,-2029.5
2020-02-02,-2559.5,-2062.0
2020-02-03,-2684.0,-2174.5
2020-02-04,-2754.5,-2245.0
2020-02-05,-2469.5,-2060.5
2020-02-06,-2546.0,-2137.0
2020-02-07,-2431.0,-2210.0
2020-02-08,-2431.0,-2210.0
2020-02-09,-2431.0,-2210.0
2020-02-10,-2511.5,-2261.0
2020-02-11,-2658.0,-2407.5
2020-02-12,-2577.0,-2326.5
2020-02-13,-2458.5,-2448.5
2020-02-14,-2479.0,-2469.0
2020-02-15,-2479.0,-2469.0
2020-02-16,-2479.0,-2469.0
2020-02-17,-2558.5,-2503.0
2020-02-18,-2385.5,-2511.0
2020-02-19,-2433.5,-2559.0
2020-02-20,-2450.5,-2576.0
2020-02-21,-2433.5,-2619.5
2020-02-22,-2433.5,-2619.5
2020-02-23,-2433.5,-2619.5
2020-02-24,-2378.5,-2498.0
2020-02-25,-2634.0,-2593.0
2020-02-26,-2434.0,-2407.5
2020-02-27,-2279.0,-2229.5
2020-02-28,-1898.5,-2095.5
2020-02-29,-1898.5,-2095.5
2020-03-01,-1898.5,-2095.5
2020-03-02,-1374.0,-1789.5
2020-03-03,-1917.5,-2099.5
2020-03-04,-1811.0,-1899.5
2020-03-05,-2105.0,-1810.5
2020-03-06,-2671.5,-1859.0
2020-03-07,-2671.5,-1859.0
2020-03-08,-2895.0,-1859.0
2020-03-09,-3186.5,-2141.5
2020-03-10,-2954.0,-1988.5
2020-03-11,-2954.0,-1788.5
2020-03-12,-3235.0,-1909.0
2020-03-13,-3235.0,-1909.0
2020-03-14,-3235.0,-1909.0
2020-03-15,-3235.0,-1909.0
2020-03-16,-3363.0,-2237.0
2020-03-17,-3163.0,-2237.0
2020-03-18,-3363.0,-1837.0
2020-03-19,-2963.0,-1837.0
2020-03-20,-2921.0,-1437.0
2020-03-21,-2921.0,-1437.0
2020-03-22,-2721.0,-1237.0
2020-03-23,-1475.0,-437.0
2020-03-24,-1481.0,-393.0
2020-03-25,-1420.0,-564.5
2020-03-26,-1789.0,-647.0
2020-03-27,-1282.5,-447.0
2020-03-28,-1282.5,-447.0
2020-03-29,-1482.5,-447.0
2020-03-30,-2178.0,-462.0
2020-03-31,-2215.0,-499.0
2020-04-01,-2525.5,-575.5
2020-04-02,-2489.5,-734.0
2020-04-03,-2651.0,-789.5
2020-04-04,-2651.0,-789.5
2020-04-05,-2979.5,-789.5
2020-04-06,-3082.0,-892.0
2020-04-07,-2779.0,-789.0
2020-04-08,-2357.5,-789.0
2020-04-09,-2529.0,-709.5
2020-04-10,-2529.0,-709.5
2020-04-11,-2529.0,-709.5
2020-04-12,-2693.5,-709.5
2020-04-13,-2662.0,-509.5
2020-04-14,-3032.0,-681.5
2020-04-15,-2863.0,-453.0
2020-04-16,-2937.0,-453.0
2020-04-17,-2540.0,-253.0
2020-04-18,-2540.0,-253.0
2020-04-19,-2340.0,-53.0
2020-04-20,-2021.0,-83.0
2020-04-21,-1441.5,0.0
2020-04-22,-1013.5,0.0
2020-04-23,-1227.0,-82.0
2020-04-24,-1108.0,-115.5
2020-04-25,-1108.0,-115.5
2020-04-26,-1108.0,-115.5
2020-04-27,-1027.0,-34.5
2020-04-28,-836.5,-31.5
2020-04-29,-1073.5,-130.5
2020-04-30,-1079.0,-136.0
2020-05-01,-1445.5,-232.0
2020-05-02,-1445.5,-232.0
2020-05-03,-1445.5,-32.0
2020-05-04,-1087.0,0.0
2020-05-05,-1280.5,-140.0
2020-05-06,-1417.5,-189.0
2020-05-07,-1090.5,-189.0
2020-05-08,-1287.0,-219.0
2020-05-09,-1287.0,-219.0
2020-05-10,-1287.0,-219.0
2020-05-11,-1390.5,-56.0
2020-05-12,-1488.0,-22.0
2020-05-13,-1592.0,-134.0
2020-05-14,-2006.0,-295.5
2020-05-15,-2166.5,-295.5
2020-05-16,-2166.5,-295.5
2020-05-17,-2166.5,-295.5
2020-05-18,-2575.0,-418.5
2020-05-19,-2277.0,-115.5
2020-05-20,-2504.5,0.0
2020-05-21,-2450.5,0.0
2020-05-22,-2636.5,0.0
2020-05-23,-2636.5,0.0
2020-05-24,-2653.5,-17.0
2020-05-25,-2791.5,-98.5
2020-05-26,-2869.0,-149.5
2020-05-27,-2793.5,-202.0
2020-05-28,-2695.5,-241.0
2020-05-29,-2673.0,-333.5
2020-05-30,-2673.0,-333.5
2020-05-31,-2673.0,-333.5
2020-06-01,-2421.0,-450.5
2020-06-02,-2482.5,-512.0
2020-06-03,-2457.0,-583.0
2020-06-04,-2655.0,-709.0
2020-06-05,-2719.5,-709.0
2020-06-06,-2719.5,-709.0
2020-06-07,-2719.5,-709.0
2020-06-08,-2879.5,-808.0
2020-06-09,-2638.0,-824.5
2020-06-10,-2803.0,-907.5
2020-06-11,-3277.5,-1128.5
2020-06-12,-3632.5,-1164.5
2020-06-13,-3632.5,-1164.5
2020-06-14,-3857.0,-1189.0
2020-06-15,-3512.5,-1299.0
2020-06-16,-3596.5,-1443.5
2020-06-17,-3546.0,-1493.5
2020-06-18,-3565.5,-1447.5
2020-06-19,-3381.0,-1261.0
2020-06-20,-3381.0,-1261.0
2020-06-21,-3381.0,-1261.0
2020-06-22,-3686.0,-1261.0
2020-06-23,-3233.0,-1282.0
2020-06-24,-2684.0,-1181.0
2020-06-25,-2403.5,-1181.0
2020-06-26,-1898.5,-1302.5
2020-06-27,-1898.5,-1302.5
2020-06-28,-1698.5,-1102.5
2020-06-29,-1673.5,-1277.5
2020-06-30,-1902.5,-1324.0
2020-07-01,-2173.0,-1346.0
2020-07-02,-2338.5,-1471.5
2020-07-03,-2338.5,-1493.5
2020-07-04,-2338.5,-1493.5
2020-07-05,-2298.0,-1523.5
2020-07-06,-2298.0,-1523.5
2020-07-07,-2192.0,-1575.0
2020-07-08,-2272.5,-1603.0
2020-07-09,-2384.0,-1674.5
2020-07-10,-2499.5,-1790.0
2020-07-11,-2499.5,-1790.0
2020-07-12,-2499.5,-1790.0
2020-07-13,-2833.5,-1935.5
2020-07-14,-3138.5,-1890.0
2020-07-15,-3120.5,-1843.0
2020-07-16,-2895.5,-1643.0
2020-07-17,-2949.5,-1675.0
2020-07-18,-2949.5,-1675.0
2020-07-19,-2987.5,-1713.0
2020-07-20,-3510.5,-1768.0
2020-07-21,-3536.0,-1793.5
2020-07-22,-3251.5,-1642.0
2020-07-23,-3232.5,-1737.0
2020-07-24,-3129.5,-1496.5
2020-07-25,-3129.5,-1496.5
2020-07-26,-3190.5,-1496.5
2020-07-27,-3380.5,-1637.5
2020-07-28,-3649.0,-1682.5
2020-07-29,-3783.0,-1689.0
2020-07-30,-4153.5,-1753.0
2020-07-31,-3736.5,-1753.0
2020-08-01,-3736.5,-1753.0
2020-08-02,-3736.5,-1753.0
2020-08-03,-3721.5,-1709.5
2020-08-04,-3576.0,-1758.0
2020-08-05,-3491.5,-1754.0
2020-08-06,-3593.0,-1804.5
2020-08-07,-3619.5,-1917.0
2020-08-08,-3619.5,-1917.0
2020-08-09,-3619.5,-1917.0
2020-08-10,-3445.5,-1743.0
2020-08-11,-3298.0,-1795.5
2020-08-12,-3571.5,-1841.0
2020-08-13,-3550.5,-1699.0
2020-08-14,-3443.5,-1499.0
2020-08-15,-3443.5,-1499.0
2020-08-16,-3443.5,-1499.0
2020-08-17,-3558.0,-1499.0
2020-08-18,-3664.5,-1570.5
2020-08-19,-3735.5,-1641.5
2020-08-20,-3793.0,-1699.0
2020-08-21,-3775.0,-1681.0
2020-08-22,-3775.0,-1681.0
2020-08-23,-3775.0,-1681.0
2020-08-24,-3464.5,-1532.5
2020-08-25,-3344.0,-1354.0
2020-08-26,-2983.0,-1393.0
2020-08-27,-2993.5,-1421.5
2020-08-28,-2965.0,-1393.0
2020-08-29,-2965.0,-1393.0
2020-08-30,-3049.0,-1393.0
2020-08-31,-3162.5,-1456.5
2020-09-01,-3202.0,-1496.0
2020-09-02,-3308.5,-1528.5
2020-09-03,-3273.0,-1423.0
2020-09-04,-2195.0,-1337.5
2020-09-05,-2195.0,-1337.5
2020-09-06,-2395.0,-1337.5
2020-09-07,-2399.0,-1341.5
2020-09-08,-2405.5,-1141.5
2020-09-09,-2959.0,-1295.0
2020-09-10,-2682.0,-1402.0
2020-09-11,-2405.5,-1525.5
2020-09-12,-2405.5,-1525.5
2020-09-13,-2405.5,-1525.5
2020-09-14,-2410.5,-1577.5
2020-09-15,-2129.5,-1444.5
2020-09-16,-1795.0,-1311.5
2020-09-17,-1651.0,-1567.5
2020-09-18,-1657.5,-1567.5
2020-09-19,-1657.5,-1567.5
2020-09-20,-1657.5,-1567.5
2020-09-21,-2090.5,-1651.0
2020-09-22,-1693.5,-1617.5
2020-09-23,-2055.0,-1640.5
2020-09-24,-1846.5,-1832.0
2020-09-25,-1880.5,-1742.0
2020-09-26,-1880.5,-1742.0
2020-09-27,-1880.5,-1742.0
2020-09-28,-1931.5,-1793.0
2020-09-29,-1946.0,-1726.0
2020-09-30,-1666.0,-1594.5
2020-10-01,-1735.5,-1433.5
2020-10-02,-1878.5,-1339.5
2020-10-03,-1878.5,-1339.5
2020-10-04,-1982.0,-1339.5
2020-10-05,-2161.5,-1448.5
2020-10-06,-2533.0,-1719.0
2020-10-07,-2586.5,-1772.5
2020-10-08,-2489.0,-1675.0
2020-10-09,-2687.5,-1714.0
2020-10-10,-2687.5,-1714.0
2020-10-11,-2687.5,-1714.0
2020-10-12,-2557.5,-1584.0
2020-10-13,-2582.5,-1609.0
2020-10-14,-2432.0,-1409.0
2020-10-15,-2251.0,-1331.0
2020-10-16,-2014.0,-1177.0
2020-10-17,-2014.0,-1177.0
2020-10-18,-2014.0,-1177.0
2020-10-19,-2101.5,-977.0
2020-10-20,-2081.0,-627.0
2020-10-21,-2016.5,-725.5
2020-10-22,-1747.0,-529.5
2020-10-23,-1586.5,-544.0
2020-10-24,-1586.5,-544.0
2020-10-25,-1586.5,-544.0
2020-10-26,-1229.5,-657.5
2020-10-27,-1079.5,-457.5
2020-10-28,-1362.5,-551.0
2020-10-29,-1219.5,-408.0
2020-10-30,-1215.0,-316.5
2020-10-31,-1215.0,-316.5
2020-11-01,-1215.0,-316.5
2020-11-02,-886.5,-116.5
2020-11-03,-1528.0,-165.5
2020-11-04,-1386.0,0.0
2020-11-05,-1609.0,-88.0
2020-11-06,-1725.5,-238.5
2020-11-07,-1725.5,-238.5
2020-11-08,-1821.5,-238.5
2020-11-09,-1292.5,-206.5
2020-11-10,-1292.5,-305.5
2020-11-11,-1884.0,-447.5
2020-11-12,-1751.5,-247.5
2020-11-13,-1721.5,-292.5
2020-11-14,-1721.5,-292.5
2020-11-15,-1721.5,-292.5
2020-11-16,-1493.0,-292.5
2020-11-17,-1268.5,-174.5
2020-11-18,-1068.5,-3.5
2020-11-19,-1383.5,-45.0
2020-11-20,-1196.0,-45.0
2020-11-21,-1196.0,-45.0
2020-11-22,-1196.0,-45.0
2020-11-23,-1071.5,-75.5
2020-11-24,-1404.5,-173.0
2020-11-25,-1310.0,-173.0
2020-11-26,-1367.0,-230.0
2020-11-27,-1420.0,-230.0
2020-11-28,-1420.0,-230.0
2020-11-29,-1420.0,-230.0
2020-11-30,-1348.0,-139.0
2020-12-01,-1671.5,-220.5
2020-12-02,-1640.5,-164.0
2020-12-03,-1624.0,-147.5
2020-12-04,-1510.0,-198.0
2020-12-05,-1510.0,-198.0
2020-12-06,-1510.0,-198.0
2020-12-07,-1367.5,-268.0
2020-12-08,-1485.5,-288.0
2020-12-09,-1844.5,-354.5
2020-12-10,-1725.0,-415.0
2020-12-11,-1605.0,-380.5
2020-12-12,-1605.0,-380.5
2020-12-13,-1605.0,-380.5
2020-12-14,-1633.0,-408.5
2020-12-15,-1736.0,-533.0
2020-12-16,-1840.0,-612.5
2020-12-17,-1917.0,-642.0
2020-12-18,-2033.0,-699.0
2020-12-19,-2033.0,-699.0
2020-12-20,-2033.0,-699.0
2020-12-21,-2477.0,-812.0
2020-12-22,-2531.0,-869.5
2020-12-23,-2427.5,-886.5
2020-12-24,-2443.5,-924.0
2020-12-25,-2443.5,-924.0
2020-12-26,-2443.5,-924.0
2020-12-27,-2597.5,-967.5
2020-12-28,-2744.0,-1030.0
2020-12-29,-2727.5,-947.0
2020-12-30,-2628.5,-947.0
2020-12-31,-2696.0,-998.5
2021-01-01,-2696.0,-998.5
2021-01-02,-2696.0,-998.5
2021-01-03,-2696.0,-998.5
2021-01-04,-2974.0,-833.0
2021-01-05,-2733.0,-881.5
2021-01-06,-2260.5,-1020.0
2021-01-07,-2647.0,-1076.0
2021-01-08,-2714.5,-1143.5
2021-01-09,-2714.5,-1143.5
2021-01-10,-2714.5,-1143.5
2021-01-11,-2757.5,-1201.5
2021-01-12,-2711.5,-1031.5
2021-01-13,-2846.0,-845.5
2021-01-14,-3083.0,-887.0
2021-01-15,-3046.5,-758.5
2021-01-16,-3046.5,-758.5
2021-01-17,-3046.5,-758.5
2021-01-18,-3042.0,-569.5
2021-01-19,-3099.0,-626.5
2021-01-20,-3185.0,-626.5
2021-01-21,-3035.0,-476.5
2021-01-22,-3063.0,-500.0
2021-01-23,-3063.0,-500.0
2021-01-24,-3063.0,-500.0
2021-01-25,-3195.0,-528.5
2021-01-26,-3005.5,-559.0
2021-01-27,-2702.0,-0.5
2021-01-28,-2132.5,0.0
2021-01-29,-2606.0,0.0
2021-01-30,-2606.0,0.0
2021-01-31,-2206.0,0.0
2021-02-01,-2806.0,0.0
2021-02-02,-2816.0,-54.0
2021-02-03,-2873.5,-54.0
2021-02-04,-2837.0,0.0
2021-02-05,-2888.5,-51.5
2021-02-06,-2888.5,-51.5
2021-02-07,-2888.5,-51.5
2021-02-08,-3001.5,-164.5
2021-02-09,-3053.0,-139.0
2021-02-10,-2617.5,-167.0
2021-02-11,-2698.5,-222.0
2021-02-12,-2760.5,-253.0
2021-02-13,-2760.5,-253.0
2021-02-14,-2760.5,-253.0
2021-02-15,-2772.0,-264.5
2021-02-16,-2852.5,-306.5
2021-02-17,-3047.0,-367.5
2021-02-18,-3326.0,-547.5
2021-02-19,-3630.0,-711.0
2021-02-20,-3630.0,-711.0
2021-02-21,-3630.0,-711.0
2021-02-22,-4036.5,-993.0
2021-02-23,-4433.5,-1161.5
2021-02-24,-4887.0,-1390.5
2021-02-25,-5401.5,-1545.0
2021-02-26,-5337.5,-1345.0
2021-02-27,-5337.5,-1345.0
2021-02-28,-5537.5,-1345.0
2021-03-01,-5930.5,-1538.0
2021-03-02,-6022.0,-1629.5
2021-03-03,-5451.0,-1508.5
2021-03-04,-5632.5,-1634.5
2021-03-05,-5725.0,-1727.0
2021-03-06,-5725.0,-1727.0
2021-03-07,-5525.0,-1527.0
2021-03-08,-5404.0,-1327.0
2021-03-09,-6217.0,-1428.5
2021-03-10,-6218.0,-1428.5
2021-03-11,-6436.5,-1447.0
2021-03-12,-6365.5,-1287.0
2021-03-13,-6365.5,-1287.0
2021-03-14,-6365.5,-1287.0
2021-03-15,-6019.0,-1153.0
2021-03-16,-6233.0,-1153.0
2021-03-17,-6340.0,-1236.5
2021-03-18,-6959.0,-1301.0
2021-03-19,-7275.0,-1323.0
2021-03-20,-7275.0,-1323.0
2021-03-21,-7301.0,-1349.0
2021-03-22,-7383.0,-1431.0
2021-03-23,-6938.0,-1082.5
2021-03-24,-6518.0,-1034.5
2021-03-25,-6509.0,-917.5
2021-03-26,-6473.0,-837.5
2021-03-27,-6473.0,-837.5
2021-03-28,-6473.0,-837.5
2021-03-29,-6197.0,-863.5
2021-03-30,-6468.5,-961.5
2021-03-31,-6655.0,-998.0
2021-04-01,-6892.5,-1136.0
2021-04-02,-6892.5,-1136.0
2021-04-03,-6892.5,-1136.0
2021-04-04,-6904.5,-1148.0
2021-04-05,-7011.0,-1244.0
2021-04-06,-7051.0,-1044.0
2021-04-07,-7160.5,-1167.0
2021-04-08,-7235.5,-1242.0
2021-04-09,-7243.0,-1271.0
2021-04-10,-7243.0,-1271.0
2021-04-11,-7243.0,-1271.0
2021-04-12,-7380.5,-1321.0
2021-04-13,-7489.5,-1430.0
2021-04-14,-7677.5,-1473.5
2021-04-15,-7437.0,-1457.0
2021-04-16,-7565.0,-1457.0
2021-04-17,-7565.0,-1457.0
2021-04-18,-7565.0,-1457.0
2021-04-19,-7636.5,-1489.5
2021-04-20,-7233.0,-1496.0
2021-04-21,-6996.5,-1330.5
2021-04-22,-7242.5,-1446.5
2021-04-23,-7225.0,-1429.0
2021-04-24,-7225.0,-1429.0
2021-04-25,-7225.0,-1429.0
2021-04-26,-7417.5,-1501.5
2021-04-27,-7252.5,-1301.5
2021-04-28,-7139.0,-1304.0
2021-04-29,-7333.5,-1304.0
2021-04-30,-7223.5,-1304.0
2021-05-01,-7223.5,-1304.0
2021-05-02,-7223.5,-1304.0
2021-05-03,-7100.0,-1304.0
2021-05-04,-7410.0,-1304.0
2021-05-05,-7530.5,-1335.0
2021-05-06,-7667.5,-1295.0
2021-05-07,-7761.5,-1325.5
2021-05-08,-7761.5,-1325.5
2021-05-09,-7761.5,-1325.5
2021-05-10,-8126.5,-1427.5
2021-05-11,-8193.5,-1494.5
2021-05-12,-7908.0,-1163.5
2021-05-13,-7478.5,-963.5
2021-05-14,-7920.0,-1082.0
2021-05-15,-7920.0,-1082.0
2021-05-16,-7920.0,-1082.0
2021-05-17,-7777.5,-939.5
2021-05-18,-7924.5,-1020.5
2021-05-19,-7755.5,-898.0
2021-05-20,-7878.0,-770.0
2021-05-21,-7896.5,-788.5
2021-05-22,-7896.5,-788.5
2021-05-23,-7922.0,-814.0
2021-05-24,-8096.0,-882.0
2021-05-25,-8106.0,-915.5
2021-05-26,-8178.0,-990.0
2021-05-27,-8216.5,-977.5
2021-05-28,-8180.5,-1030.5
2021-05-29,-8180.5,-1030.5
2021-05-30,-8180.5,-1030.5
2021-05-31,-8118.0,-1078.0
2021-06-01,-8088.5,-956.5
2021-06-02,-8248.5,-974.0
2021-06-03,-8328.0,-985.5
2021-06-04,-8350.0,-1127.0
2021-06-05,-8350.0,-1127.0
2021-06-06,-8350.0,-1127.0
2021-06-07,-8403.5,-1180.5
2021-06-08,-8335.5,-1154.5
2021-06-09,-8354.5,-1173.5
2021-06-10,-8063.0,-1200.5
2021-06-11,-8011.5,-1249.5
2021-06-12,-8011.5,-1249.5
2021-06-13,-8011.5,-1249.5
2021-06-14,-8120.0,-1260.5
2021-06-15,-8152.5,-1292.5
2021-06-16,-8159.0,-1269.5
2021-06-17,-8033.5,-1097.5
2021-06-18,-8076.5,-1128.5
2021-06-19,-8076.5,-1128.5
2021-06-20,-8076.5,-1128.5
2021-06-21,-7997.0,-1223.5
2021-06-22,-7842.0,-1243.0
2021-06-23,-7945.0,-1346.0
2021-06-24,-7783.0,-1192.0
2021-06-25,-7741.5,-1192.0
2021-06-26,-7741.5,-1192.0
2021-06-27,-7741.5,-1192.0
2021-06-28,-7855.0,-1238.0
2021-06-29,-7669.0,-1052.0
2021-06-30,-7688.5,-1028.0
2021-07-01,-7705.0,-1123.0
2021-07-02,-7717.0,-1135.0
2021-07-03,-7717.0,-1135.0
2021-07-04,-7717.0,-1135.0
2021-07-05,-7775.0,-1176.0
2021-07-06,-7854.5,-1210.0
2021-07-07,-7703.5,-1035.5
2021-07-08,-7554.5,-1074.5
2021-07-09,-7376.5,-896.5
2021-07-10,-7376.5,-896.5
2021-07-11,-7376.5,-896.5
2021-07-12,-7551.0,-966.0
2021-07-13,-7643.0,-1046.5
2021-07-14,-7696.5,-1136.5
2021-07-15,-7545.5,-1185.5
2021-07-16,-7672.5,-1249.0
2021-07-17,-7672.5,-1249.0
2021-07-18,-7672.5,-1249.0
2021-07-19,-7934.5,-1334.5
2021-07-20,-8014.5,-1358.0
2021-07-21,-8174.5,-1474.5
2021-07-22,-8331.0,-1554.5
2021-07-23,-8357.5,-1581.0
2021-07-24,-8357.5,-1581.0
2021-07-25,-8382.0,-1605.5
2021-07-26,-8459.5,-1657.5
2021-07-27,-8662.5,-1701.5
2021-07-28,-8756.5,-1701.5
2021-07-29,-8894.0,-1736.5
2021-07-30,-8749.5,-1826.0
2021-07-31,-8749.5,-1826.0
2021-08-01,-8749.5,-1826.0
2021-08-02,-8629.0,-1851.0
2021-08-03,-8757.0,-1947.0
2021-08-04,-8765.0,-1981.5
2021-08-05,-8646.0,-2045.5
2021-08-06,-8710.5,-2059.0
2021-08-07,-8710.5,-2059.0
2021-08-08,-8710.5,-2059.0
2021-08-09,-8539.0,-2031.0
2021-08-10,-8660.0,-2048.0
2021-08-11,-8521.5,-2134.0
2021-08-12,-8386.5,-2208.0
2021-08-13,-8467.0,-2210.5
2021-08-14,-8467.0,-2210.5
2021-08-15,-8511.0,-2210.5
2021-08-16,-8341.5,-2330.5
2021-08-17,-8141.5,-2130.5
2021-08-18,-8162.5,-2151.5
2021-08-19,-7875.5,-1746.0
2021-08-20,-7915.5,-1746.0
2021-08-21,-7915.5,-1746.0
2021-08-22,-7980.5,-1770.0
2021-08-23,-8042.5,-1810.0
2021-08-24,-8104.5,-1859.5
2021-08-25,-8140.0,-1878.5
2021-08-26,-8113.5,-1852.0
2021-08-27,-8230.0,-1895.0
2021-08-28,-8230.0,-1895.0
2021-08-29,-8230.0,-1895.0
2021-08-30,-7898.0,-1907.5
2021-08-31,-7968.0,-1924.5
2021-09-01,-7956.0,-1977.5
2021-09-02,-7954.0,-1777.5
2021-09-03,-8046.0,-1777.5
2021-09-04,-8046.0,-1777.5
2021-09-05,-8046.0,-1777.5
2021-09-06,-7962.5,-1681.0
2021-09-07,-7882.0,-1733.5
2021-09-08,-8064.5,-1533.5
2021-09-09,-7886.0,-1355.0
2021-09-10,-7964.5,-1388.5
2021-09-11,-7964.5,-1388.5
2021-09-12,-7973.0,-1397.0
2021-09-13,-8059.5,-1458.0
2021-09-14,-8239.5,-1543.0
2021-09-15,-7976.5,-1685.0
2021-09-16,-7655.5,-1285.0
2021-09-17,-7824.0,-1285.0
2021-09-18,-7824.0,-1285.0
2021-09-19,-7624.0,-1085.0
2021-09-20,-7656.5,-989.5
2021-09-21,-7622.0,-1155.0
2021-09-22,-7688.0,-1221.0
2021-09-23,-7931.0,-1428.0
2021-09-24,-7972.0,-1494.5
2021-09-25,-7972.0,-1494.5
2021-09-26,-8002.5,-1525.0
2021-09-27,-8364.5,-1687.0
2021-09-28,-8516.5,-1638.0
2021-09-29,-8741.0,-1780.5
2021-09-30,-8724.0,-1864.5
2021-10-01,-8346.5,-1913.0
2021-10-02,-8346.5,-1913.0
2021-10-03,-8346.5,-1913.0
2021-10-04,-8061.5,-1900.0
2021-10-05,-8007.5,-1893.5
2021-10-06,-8240.5,-1854.5
2021-10-07,-8323.0,-1925.0
2021-10-08,-8311.0,-1984.5
2021-10-09,-8311.0,-1984.5
2021-10-10,-8311.0,-1984.5
2021-10-11,-8355.0,-2048.0
2021-10-12,-8072.0,-2025.0
2021-10-13,-8144.5,-2025.0
2021-10-14,-8038.0,-1825.0
2021-10-15,-7849.0,-1636.0
2021-10-16,-7849.0,-1636.0
2021-10-17,-7849.0,-1636.0
2021-10-18,-7560.5,-1481.5
2021-10-19,-7380.0,-1536.5
2021-10-20,-7321.0,-1521.0
2021-10-21,-7521.5,-1555.5
2021-10-22,-7419.5,-1609.0
2021-10-23,-7419.5,-1609.0
2021-10-24,-7419.5,-1609.0
2021-10-25,-7608.0,-1609.0
2021-10-26,-7188.5,-1432.0
2021-10-27,-7426.5,-1492.0
2021-10-28,-7555.0,-1536.5
2021-10-29,-7557.5,-1539.0
2021-10-30,-7557.5,-1539.0
2021-10-31,-7557.5,-1539.0
2021-11-01,-7412.5,-1581.0
2021-11-02,-7437.5,-1606.0
2021-11-03,-7517.0,-1620.5
2021-11-04,-7517.0,-1620.5
2021-11-05,-7531.0,-1634.5
2021-11-06,-7531.0,-1634.5
2021-11-07,-7531.0,-1634.5
2021-11-08,-7626.5,-1685.5
2021-11-09,-7775.0,-1716.5
2021-11-10,-8240.5,-1843.5
2021-11-11,-8095.0,-1643.5
2021-11-12,-8258.0,-1697.5
2021-11-13,-8258.0,-1697.5
2021-11-14,-8258.0,-1697.5
2021-11-15,-8282.5,-1722.0
2021-11-16,-8323.5,-1772.5
2021-11-17,-8505.5,-1888.5
2021-11-18,-8593.0,-1943.0
2021-11-19,-8655.0,-1967.5
2021-11-20,-8655.0,-1967.5
2021-11-21,-8655.0,-1967.5
2021-11-22,-8862.5,-1975.0
2021-11-23,-8783.0,-2167.0
2021-11-24,-8771.5,-2205.0
2021-11-25,-8805.0,-2258.0
2021-11-26,-8509.0,-2162.5
2021-11-27,-8509.0,-2162.5
2021-11-28,-8371.5,-2191.0
2021-11-29,-8576.0,-2282.0
2021-11-30,-8738.5,-2299.0
2021-12-01,-8965.0,-2533.0
2021-12-02,-9460.5,-3028.5
2021-12-03,-9588.0,-3244.0
2021-12-04,-9588.0,-3244.0
2021-12-05,-9588.0,-3244.0
2021-12-06,-9281.0,-3079.0
2021-12-07,-9518.0,-3279.0
2021-12-08,-9478.0,-3354.0
2021-12-09,-9616.5,-3354.0
2021-12-10,-9763.5,-3443.0
2021-12-11,-9763.5,-3443.0
2021-12-12,-9763.5,-3443.0
2021-12-13,-9196.5,-3541.0
2021-12-14,-9079.5,-3411.5
2021-12-15,-9573.0,-3544.5
2021-12-16,-9880.0,-3528.5
2021-12-17,-9709.5,-3328.5
2021-12-18,-9709.5,-3328.5
2021-12-19,-9745.5,-3364.5
2021-12-20,-9810.0,-3479.5
2021-12-21,-9556.5,-3479.5
2021-12-22,-9534.0,-3410.0
2021-12-23,-9324.5,-3482.5
2021-12-24,-9324.5,-3482.5
2021-12-25,-9324.5,-3482.5
2021-12-26,-9382.0,-3540.0
2021-12-27,-9659.5,-3734.0
2021-12-28,-9202.5,-3575.5
2021-12-29,-8982.5,-3384.5
2021-12-30,-8948.5,-3384.5
2021-12-31,-8782.0,-3218.0
2022-01-01,-8782.0,-3218.0
2022-01-02,-8782.0,-3218.0
2022-01-03,-9095.5,-3286.0
2022-01-04,-9323.5,-3428.5
2022-01-05,-9691.0,-3621.5
2022-01-06,-10102.5,-3621.5
2022-01-07,-10502.5,-3621.5
2022-01-08,-10502.5,-3621.5
2022-01-09,-10502.5,-3621.5
2022-01-10,-10910.0,-3829.0
2022-01-11,-11243.0,-3893.0
2022-01-12,-11272.5,-3922.5
2022-01-13,-11424.5,-4006.0
2022-01-14,-11701.5,-3998.0
2022-01-15,-11701.5,-3998.0
2022-01-16,-11701.5,-3998.0
2022-01-17,-11747.0,-3893.0
2022-01-18,-11742.5,-3693.0
2022-01-19,-11006.0,-3498.5
2022-01-20,-10811.0,-3178.0
2022-01-21,-11344.0,-3666.5
2022-01-22,-11344.0,-3666.5
2022-01-23,-11344.0,-3666.5
2022-01-24,-11363.5,-3781.0
2022-01-25,-11696.5,-4114.0
2022-01-26,-12249.5,-4127.5
2022-01-27,-12049.5,-4227.5
2022-01-28,-12212.0,-4057.0
2022-01-29,-12212.0,-4057.0
2022-01-30,-12212.0,-4057.0
2022-01-31,-12636.0,-4126.5
2022-02-01,-12541.5,-3963.0
2022-02-02,-11944.5,-3802.5
2022-02-03,-11480.0,-3578.5
2022-02-04,-12166.5,-3378.5
2022-02-05,-12166.5,-3378.5
2022-02-06,-12166.5,-3378.5
2022-02-07,-12566.5,-3403.0
2022-02-08,-12855.0,-3500.5
2022-02-09,-12779.0,-3379.5
2022-02-10,-12780.5,-3309.5
2022-02-11,-12775.5,-3108.5
2022-02-12,-12775.5,-3108.5
2022-02-13,-12775.5,-3108.5
2022-02-14,-12772.0,-3010.0
2022-02-15,-12779.0,-3004.0
2022-02-16,-12838.5,-2804.0
2022-02-17,-12833.0,-2665.0
2022-02-18,-13534.5,-2850.5
2022-02-19,-13534.5,-2850.5
2022-02-20,-13571.5,-2887.5
2022-02-21,-13571.5,-2887.5
2022-02-22,-13163.0,-2811.0
2022-02-23,-12563.0,-2611.0
2022-02-24,-13043.5,-3044.0
2022-02-25,-13161.0,-3065.0
2022-02-26,-13161.0,-3065.0
2022-02-27,-13161.0,-3065.0
2022-02-28,-13410.0,-3056.0
2022-03-01,-13902.0,-3121.5
2022-03-02,-13593.0,-3158.5
2022-03-03,-13972.5,-3032.5
2022-03-04,-13622.5,-2682.5
2022-03-05,-13622.5,-2682.5
2022-03-06,-13622.5,-2682.5
2022-03-07,-13737.0,-2564.5
2022-03-08,-12901.5,-2364.5
2022-03-09,-12901.5,-1764.5
2022-03-10,-12922.0,-1749.0
2022-03-11,-13108.0,-1909.5
2022-03-12,-13108.0,-1909.5
2022-03-13,-13108.0,-1909.5
2022-03-14,-13512.0,-2313.5
2022-03-15,-13668.5,-2350.5
2022-03-16,-13576.0,-2188.5
2022-03-17,-13539.0,-2151.5
2022-03-18,-13567.0,-2179.5
2022-03-19,-13567.0,-2179.5
2022-03-20,-13567.0,-2179.5
2022-03-21,-13607.0,-2219.5
2022-03-22,-13527.5,-2290.5
2022-03-23,-13835.0,-2403.0
2022-03-24,-13787.0,-2285.0
2022-03-25,-14111.0,-2408.5
2022-03-26,-14111.0,-2408.5
2022-03-27,-14111.0,-2408.5
2022-03-28,-13827.5,-2550.5
2022-03-29,-14182.5,-2590.0
2022-03-30,-14293.5,-2770.5
2022-03-31,-14610.5,-2792.5
2022-04-01,-14493.5,-2844.5
2022-04-02,-14493.5,-2844.5
2022-04-03,-14493.5,-2844.5
2022-04-04,-14269.0,-2897.0
2022-04-05,-14458.0,-2793.0
2022-04-06,-14848.0,-2626.0
2022-04-07,-14777.0,-2743.5
2022-04-08,-14973.0,-2903.5
2022-04-09,-14973.0,-2903.5
2022-04-10,-15197.5,-2996.5
2022-04-11,-15108.0,-2907.0
2022-04-12,-14865.0,-2885.0
2022-04-13,-14758.0,-2708.0
2022-04-14,-14985.5,-2827.5
2022-04-15,-14985.5,-2827.5
2022-04-16,-14985.5,-2827.5
2022-04-17,-14985.5,-2827.5
2022-04-18,-14499.0,-2528.0
2022-04-19,-14649.0,-2583.5
2022-04-20,-14810.0,-2751.5
2022-04-21,-15054.5,-3059.5
2022-04-22,-15198.0,-3097.5
2022-04-23,-15198.0,-3097.5
2022-04-24,-15198.0,-3097.5
2022-04-25,-14798.0,-2897.5
2022-04-26,-15096.0,-3037.5
2022-04-27,-15077.0,-2872.5
2022-04-28,-15365.5,-2534.5
2022-04-29,-15712.5,-2568.0
2022-04-30,-15712.5,-2568.0
2022-05-01,-15782.5,-2638.0
2022-05-02,-16016.0,-2671.5
2022-05-03,-16017.0,-2600.0
2022-05-04,-16776.0,-2703.5
2022-05-05,-16925.5,-2853.0
2022-05-06,-17175.0,-3053.0
2022-05-07,-17175.0,-3053.0
2022-05-08,-17175.0,-3053.0
2022-05-09,-16975.0,-2853.0
2022-05-10,-16879.0,-2718.0
2022-05-11,-17291.5,-2982.0
2022-05-12,-17522.5,-2982.0
2022-05-13,-17966.5,-3124.0
2022-05-14,-17966.5,-3124.0
2022-05-15,-18031.0,-3124.0
2022-05-16,-17272.5,-3163.0
2022-05-17,-17228.0,-2963.0
2022-05-18,-17503.5,-2803.0
2022-05-19,-16972.5,-2716.0
2022-05-20,-17778.5,-2978.5
2022-05-21,-17778.5,-2978.5
2022-05-22,-17778.5,-2978.5
2022-05-23,-17852.5,-3022.0
2022-05-24,-17681.5,-2517.5
2022-05-25,-17354.0,-2668.0
2022-05-26,-17637.0,-2734.5
2022-05-27,-17842.0,-2779.0
2022-05-28,-17842.0,-2779.0
2022-05-29,-17842.0,-2779.0
2022-05-30,-17670.0,-2607.0
2022-05-31,-17435.5,-2275.5
2022-06-01,-17635.5,-2181.5
2022-06-02,-17894.5,-2120.0
2022-06-03,-18580.0,-2205.5
2022-06-04,-18580.0,-2205.5
2022-06-05,-18580.0,-2205.5
2022-06-06,-18502.0,-1863.5
2022-06-07,-18604.0,-1965.5
2022-06-08,-18461.0,-1810.0
2022-06-09,-18525.5,-1741.5
2022-06-10,-18602.5,-1745.5
2022-06-11,-18602.5,-1745.5
2022-06-12,-18602.5,-1745.5
2022-06-13,-18679.0,-1836.0
2022-06-14,-18852.0,-1836.0
2022-06-15,-18640.5,-1760.5
2022-06-16,-19118.0,-1838.0
2022-06-17,-18938.5,-1705.5
2022-06-18,-18938.5,-1705.5
2022-06-19,-18938.5,-1705.5
2022-06-20,-18810.0,-1730.5
2022-06-21,-18487.5,-1782.0
2022-06-22,-18145.0,-1799.0
2022-06-23,-17850.0,-1637.5
2022-06-24,-18160.0,-1947.5
2022-06-25,-18160.0,-1947.5
2022-06-26,-18160.0,-1947.5
2022-06-27,-18270.5,-1704.0
2022-06-28,-18085.5,-1790.5
2022-06-29,-18034.0,-1830.5
2022-06-30,-18388.0,-1891.5
2022-07-01,-17988.0,-1970.5
2022-07-02,-17988.0,-1970.5
2022-07-03,-17788.0,-1970.5
2022-07-04,-17883.5,-1870.5
2022-07-05,-18039.5,-2027.5
2022-07-06,-18114.0,-2102.0
2022-07-07,-17885.5,-2102.0
2022-07-08,-18190.0,-2330.0
2022-07-09,-18190.0,-2330.0
2022-07-10,-18190.0,-2330.0
2022-07-11,-18314.5,-2470.0
2022-07-12,-18460.0,-2556.5
2022-07-13,-18357.0,-2584.0
2022-07-14,-18228.5,-2582.5
2022-07-15,-18183.5,-2537.5
2022-07-16,-18183.5,-2537.5
2022-07-17,-18299.5,-2537.5
2022-07-18,-17892.0,-2622.5
2022-07-19,-18154.5,-2622.5
2022-07-20,-18372.5,-2695.0
2022-07-21,-18616.5,-2665.0
2022-07-22,-18685.5,-2500.5
2022-07-23,-18685.5,-2500.5
2022-07-24,-18685.5,-2500.5
2022-07-25,-18812.5,-2566.0
2022-07-26,-19037.5,-2366.0
2022-07-27,-19464.0,-2434.0
2022-07-28,-19743.5,-2466.5
2022-07-29,-19614.0,-2295.5
2022-07-30,-19614.0,-2295.5
2022-07-31,-19614.0,-2295.5
2022-08-01,-19060.5,-2342.0
2022-08-02,-18660.5,-2406.5
2022-08-03,-18276.0,-2222.0
2022-08-04,-18138.0,-2074.0
2022-08-05,-18253.5,-1903.5
2022-08-06,-18253.5,-1903.5
2022-08-07,-18253.5,-1903.5
2022-08-08,-18054.0,-1512.0
2022-08-09,-17550.0,-1534.0
2022-08-10,-17734.5,-1636.5
2022-08-11,-17924.0,-1727.0
2022-08-12,-17524.0,-1584.0
2022-08-13,-17524.0,-1584.0
2022-08-14,-17524.0,-1584.0
2022-08-15,-17262.0,-1612.0
2022-08-16,-17142.5,-1412.0
2022-08-17,-16836.0,-1500.0
2022-08-18,-16556.0,-1347.0
2022-08-19,-16904.5,-1347.0
2022-08-20,-16904.5,-1347.0
2022-08-21,-16904.5,-1347.0
2022-08-22,-17388.0,-1436.0
2022-08-23,-17217.5,-1465.5
2022-08-24,-17017.5,-1497.5
2022-08-25,-16470.0,-950.0
2022-08-26,-16573.0,-1204.5
2022-08-27,-16573.0,-1204.5
2022-08-28,-16731.5,-1204.5
2022-08-29,-16894.0,-1289.5
2022-08-30,-16908.5,-1327.0
2022-08-31,-16323.5,-927.0
2022-09-01,-15905.0,-1084.5
2022-09-02,-15969.0,-948.5
2022-09-03,-15969.0,-948.5
2022-09-04,-16025.5,-1005.0
2022-09-05,-16069.5,-1049.0
2022-09-06,-16002.0,-649.0
2022-09-07,-16227.0,-681.5
2022-09-08,-16322.5,-481.5
2022-09-09,-16545.0,-504.0
2022-09-10,-16545.0,-504.0
2022-09-11,-16545.0,-504.0
2022-09-12,-16076.5,-154.5
2022-09-13,-16593.5,-471.0
2022-09-14,-16457.5,-584.5
2022-09-15,-16131.5,-658.5
2022-09-16,-15724.0,-458.5
2022-09-17,-15724.0,-458.5
2022-09-18,-15724.0,-458.5
2022-09-19,-15404.5,-506.5
2022-09-20,-15256.0,-673.0
2022-09-21,-15399.5,-721.5
2022-09-22,-15508.0,-781.0
2022-09-23,-15508.0,-781.0
2022-09-24,-15508.0,-781.0
2022-09-25,-15508.0,-781.0
2022-09-26,-15587.5,-898.5
2022-09-27,-15836.0,-957.0
2022-09-28,-16326.5,-1215.5
2022-09-29,-15962.5,-1176.5
2022-09-30,-16492.5,-1269.0
2022-10-01,-16492.5,-1269.0
2022-10-02,-16492.5,-1269.0
2022-10-03,-16573.0,-1349.5
2022-10-04,-16747.0,-1393.0
2022-10-05,-16992.5,-1405.0
2022-10-06,-16766.0,-912.0
2022-10-07,-16887.0,-1019.5
2022-10-08,-16887.0,-1019.5
2022-10-09,-16887.0,-1019.5
2022-10-10,-17271.0,-956.5
2022-10-11,-16776.5,-1282.0
2022-10-12,-16580.0,-1037.0
2022-10-13,-17205.0,-1318.0
2022-10-14,-17859.0,-1387.0
2022-10-15,-17859.0,-1387.0
2022-10-16,-17876.5,-1404.5
2022-10-17,-17979.0,-1204.5
2022-10-18,-18148.0,-1335.0
2022-10-19,-17722.0,-1204.0
2022-10-20,-17784.5,-1240.0
2022-10-21,-17965.0,-1332.5
2022-10-22,-17965.0,-1332.5
2022-10-23,-17765.0,-1132.5
2022-10-24,-17896.5,-1227.5
2022-10-25,-18357.5,-1278.0
2022-10-26,-17904.5,-1225.0
2022-10-27,-18017.5,-1225.0
2022-10-28,-18221.5,-1258.5
2022-10-29,-18221.5,-1258.5
2022-10-30,-18221.5,-1258.5
2022-10-31,-18033.0,-1114.5
2022-11-01,-18519.5,-1166.5
2022-11-02,-18405.0,-1264.0
2022-11-03,-18561.0,-1360.0
2022-11-04,-18629.0,-1559.0
2022-11-05,-18629.0,-1559.0
2022-11-06,-18629.0,-1559.0
2022-11-07,-18750.0,-1623.5
2022-11-08,-18775.0,-1859.5
2022-11-09,-19314.0,-1921.5
2022-11-10,-19644.5,-2022.0
2022-11-11,-19596.5,-1920.5
2022-11-12,-19596.5,-1920.5
2022-11-13,-19633.0,-1957.0
2022-11-14,-19726.5,-2034.5
2022-11-15,-19455.5,-1665.0
2022-11-16,-19633.5,-1744.0
2022-11-17,-20083.0,-1788.5
2022-11-18,-20433.5,-1941.5
2022-11-19,-20433.5,-1941.5
2022-11-20,-20433.5,-1941.5
2022-11-21,-20282.5,-1790.5
2022-11-22,-20662.5,-2011.5
2022-11-23,-20440.0,-1611.5
2022-11-24,-20441.0,-1647.0
2022-11-25,-20241.0,-1447.0
2022-11-26,-20241.0,-1447.0
2022-11-27,-20427.0,-1447.0
2022-11-28,-20607.5,-1463.0
2022-11-29,-20851.0,-1543.5
2022-11-30,-20749.0,-1594.5
2022-12-01,-20977.0,-1594.5
2022-12-02,-20965.5,-1545.5
2022-12-03,-20965.5,-1545.5
2022-12-04,-20965.5,-1545.5
2022-12-05,-20565.5,-1550.0
2022-12-06,-20767.0,-1582.0
2022-12-07,-20756.5,-1680.5
2022-12-08,-20940.0,-1864.0
2022-12-09,-20726.5,-1671.5
2022-12-10,-20726.5,-1671.5
2022-12-11,-20726.5,-1671.5
2022-12-12,-20955.5,-1481.0
2022-12-13,-20451.0,-1081.0
2022-12-14,-20676.0,-1241.0
2022-12-15,-20696.0,-1230.0
2022-12-16,-20906.5,-1440.5
2022-12-17,-20906.5,-1440.5
2022-12-18,-20906.5,-1440.5
2022-12-19,-21107.0,-1480.5
2022-12-20,-20893.0,-1336.5
2022-12-21,-20953.0,-1312.5
2022-12-22,-21135.5,-1238.5
2022-12-23,-20978.0,-1060.0
2022-12-24,-20978.0,-1060.0
2022-12-25,-20978.0,-1060.0
2022-12-26,-20978.0,-1060.0
2022-12-27,-21090.0,-1125.5
2022-12-28,-21085.0,-1201.0
2022-12-29,-21039.5,-1032.5
2022-12-30,-21143.0,-1059.5
2022-12-31,-21143.0,-1059.5
2023-01-01,-21143.0,-1059.5
2023-01-02,-21143.0,-1059.5
2023-01-03,-21347.5,-910.0
2023-01-04,-21253.5,-955.0
2023-01-05,-20904.0,-978.0
2023-01-06,-21460.5,-978.0
2023-01-07,-21460.5,-978.0
2023-01-08,-21460.5,-978.0
2023-01-09,-21324.0,-1041.5
2023-01-10,-21309.0,-864.5
2023-01-11,-20968.0,-723.5
2023-01-12,-20639.5,-523.5
2023-01-13,-20717.5,-532.5
2023-01-14,-20717.5,-532.5
2023-01-15,-20717.5,-532.5
2023-01-16,-20744.0,-559.0
2023-01-17,-20410.5,-371.5
2023-01-18,-20414.0,-171.5
2023-01-19,-20334.0,0.0
2023-01-20,-20740.5,-29.5
2023-01-21,-20740.5,-29.5
2023-01-22,-20740.5,-29.5
2023-01-23,-21194.5,-342.0
2023-01-24,-21043.0,-288.5
2023-01-25,-21332.0,-373.5
2023-01-26,-21675.0,-373.5
2023-01-27,-21850.0,-451.0
2023-01-28,-21850.0,-451.0
2023-01-29,-21850.0,-451.0
2023-01-30,-21945.5,-471.5
2023-01-31,-21952.5,-347.5
2023-02-01,-21864.0,-612.0
2023-02-02,-22099.0,-847.0
2023-02-03,-22449.0,-962.0
2023-02-04,-22449.0,-962.0
2023-02-05,-22449.0,-962.0
2023-02-06,-22236.5,-749.5
2023-02-07,-22451.0,-840.0
2023-02-08,-22169.5,-685.5
2023-02-09,-22455.0,-739.5
2023-02-10,-22219.0,-403.0
2023-02-11,-22219.0,-403.0
2023-02-12,-22219.0,-403.0
2023-02-13,-22448.5,-441.5
2023-02-14,-22200.0,-302.5
2023-02-15,-21918.0,-323.0
2023-02-16,-21861.5,-553.5
2023-02-17,-21656.0,-411.0
2023-02-18,-21656.0,-411.0
2023-02-19,-21656.0,-411.0
2023-02-20,-21596.5,-411.0
2023-02-21,-21615.0,-427.5
2023-02-22,-21750.5,-507.5
2023-02-23,-21905.5,-495.0
2023-02-24,-21863.5,-561.0
2023-02-25,-21863.5,-561.0
2023-02-26,-21863.5,-561.0
2023-02-27,-21496.5,-319.5
2023-02-28,-21521.5,-365.0
2023-03-01,-21750.0,-365.0
2023-03-02,-21409.5,-496.5
2023-03-03,-21731.5,-496.5
2023-03-04,-21731.5,-496.5
2023-03-05,-21731.5,-496.5
2023-03-06,-21836.0,-544.5
2023-03-07,-21691.0,-368.5
2023-03-08,-21555.0,-430.5
2023-03-09,-21764.0,-519.5
2023-03-10,-21790.5,-635.5
2023-03-11,-21790.5,-635.5
2023-03-12,-21790.5,-635.5
2023-03-13,-21641.5,-530.5
2023-03-14,-21370.5,-611.5
2023-03-15,-21545.0,-242.5
2023-03-16,-21636.5,-71.0
2023-03-17,-21604.0,0.0
2023-03-18,-21604.0,0.0
2023-03-19,-21604.0,0.0
2023-03-20,-21330.0,-159.5
2023-03-21,-21548.5,-217.0
2023-03-22,-21574.0,-371.0
2023-03-23,-21919.5,-418.0
2023-03-24,-22087.5,-486.0
2023-03-25,-22087.5,-486.0
2023-03-26,-22087.5,-486.0
2023-03-27,-22193.0,-522.5
2023-03-28,-22193.0,-522.5
2023-03-29,-22390.0,-408.0
2023-03-30,-22428.5,-408.0
2023-03-31,-22242.5,-422.0
2023-04-01,-22242.5,-422.0
2023-04-02,-22242.5,-422.0
2023-04-03,-22474.0,-539.5
2023-04-04,-22352.0,-364.0
2023-04-05,-21952.0,-389.5
2023-04-06,-22025.0,-240.5
2023-04-07,-22062.5,-278.0
2023-04-08,-22062.5,-278.0
2023-04-09,-22062.5,-278.0
2023-04-10,-21821.5,-294.5
2023-04-11,-21937.5,-352.0
2023-04-12,-22146.5,-363.5
2023-04-13,-22284.5,-408.5
2023-04-14,-22443.5,-383.0
2023-04-15,-22443.5,-383.0
2023-04-16,-22443.5,-383.0
2023-04-17,-22474.5,-198.0
2023-04-18,-22525.5,-218.5
2023-04-19,-22700.5,-302.5
2023-04-20,-22366.0,-147.0
2023-04-21,-22548.0,-238.0
2023-04-22,-22548.0,-238.0
2023-04-23,-22548.0,-238.0
2023-04-24,-22481.5,-171.5
2023-04-25,-22445.5,0.0
2023-04-26,-22642.0,-10.5
2023-04-27,-22872.5,-92.5
2023-04-28,-22585.0,0.0
2023-04-29,-22585.0,0.0
2023-04-30,-22585.0,0.0
2023-05-01,-22733.5,-134.0
2023-05-02,-22748.5,-149.0
2023-05-03,-22411.0,-276.0
2023-05-04,-22337.0,-202.0
2023-05-05,-22581.0,-158.0
2023-05-06,-22581.0,-158.0
2023-05-07,-22581.0,-158.0
2023-05-08,-22708.0,-249.5
2023-05-09,-22742.0,-298.0
2023-05-10,-22452.0,-180.5
2023-05-11,-22641.0,-265.5
2023-05-12,-22569.5,-194.0
2023-05-13,-22569.5,-194.0
2023-05-14,-22569.5,-194.0
2023-05-15,-22739.5,-218.5
2023-05-16,-22751.5,-282.0
2023-05-17,-22882.0,-327.0
2023-05-18,-22745.5,-151.5
2023-05-19,-22669.0,-188.0
2023-05-20,-22669.0,-188.0
2023-05-21,-22669.0,-188.0
2023-05-22,-22639.5,-206.0
2023-05-23,-22794.5,-305.5
2023-05-24,-22611.0,-105.5
2023-05-25,-22594.0,-77.5
2023-05-26,-22845.5,0.0
2023-05-27,-22845.5,0.0
2023-05-28,-22845.5,0.0
2023-05-29,-22817.0,0.0
2023-05-30,-22799.5,0.0
2023-05-31,-22923.5,-76.5
2023-06-01,-23255.0,-225.0
2023-06-02,-23321.0,-25.0
2023-06-03,-23321.0,-25.0
2023-06-04,-23321.0,-25.0
2023-06-05,-23121.0,0.0
2023-06-06,-23169.0,-48.0
2023-06-07,-23214.5,0.0
2023-06-08,-23055.5,0.0
2023-06-09,-23123.0,0.0
2023-06-10,-23123.0,0.0
2023-06-11,-23123.0,0.0
2023-06-12,-23007.5,0.0
2023-06-13,-22848.0,-165.0
2023-06-14,-22720.0,-254.5
2023-06-15,-22754.0,-254.5
2023-06-16,-22883.5,-419.0
2023-06-17,-22883.5,-419.0
2023-06-18,-22903.5,-439.0
2023-06-19,-22957.5,-474.0
2023-06-20,-22879.5,-523.0
2023-06-21,-22698.0,-341.5
2023-06-22,-22661.5,-271.0
2023-06-23,-22391.5,-143.5
2023-06-24,-22391.5,-143.5
2023-06-25,-22404.5,-156.5
2023-06-26,-22324.5,0.0
2023-06-27,-22582.5,-37.5
2023-06-28,-22772.0,-173.5
2023-06-29,-22791.5,-229.5
2023-06-30,-22640.0,-29.5
2023-07-01,-22640.0,-29.5
2023-07-02,-22640.0,-29.5
2023-07-03,-22643.5,-29.5
2023-07-04,-22676.0,-45.0
2023-07-05,-22731.5,-73.5
2023-07-06,-22405.0,0.0
2023-07-07,-22553.5,-64.0
2023-07-08,-22553.5,-64.0
2023-07-09,-22553.5,-64.0
2023-07-10,-22488.5,-138.0
2023-07-11,-22325.0,-257.0
2023-07-12,-22676.0,-70.5
2023-07-13,-22526.5,0.0
2023-07-14,-22733.0,-82.0
2023-07-15,-22733.0,-82.0
2023-07-16,-22733.0,-82.0
2023-07-17,-22733.0,-82.0
2023-07-18,-22964.0,-177.0
2023-07-19,-23060.0,-255.5
2023-07-20,-23375.5,-118.0
2023-07-21,-23501.0,-29.0
2023-07-22,-23501.0,-29.0
2023-07-23,-23501.0,-29.0
2023-07-24,-23601.0,-64.0
2023-07-25,-23047.0,0.0
2023-07-26,-23115.5,0.0
2023-07-27,-22868.0,-46.5
2023-07-28,-23074.5,-46.5
2023-07-29,-23074.5,-46.5
2023-07-30,-23144.0,-81.0
2023-07-31,-23209.5,-81.0
2023-08-01,-23414.5,-182.5
2023-08-02,-23913.5,-329.0
2023-08-03,-24123.0,-431.0
2023-08-04,-23860.0,-484.5
2023-08-05,-23860.0,-484.5
2023-08-06,-23860.0,-484.5
2023-08-07,-23978.5,-503.5
2023-08-08,-23863.5,-388.5
2023-08-09,-23486.5,-407.0
2023-08-10,-23293.5,-548.5
2023-08-11,-23134.0,-579.5
2023-08-12,-23134.0,-579.5
2023-08-13,-23134.0,-579.5
2023-08-14,-23268.5,-698.0
2023-08-15,-23437.0,-792.5
2023-08-16,-23620.0,-827.5
2023-08-17,-23666.0,-873.5
2023-08-18,-23227.5,-515.0
2023-08-19,-23227.5,-515.0
2023-08-20,-23227.5,-515.0
2023-08-21,-23472.5,-686.0
2023-08-22,-23339.0,-552.5
2023-08-23,-23398.5,-410.5
2023-08-24,-23608.5,-536.5
2023-08-25,-23291.5,-374.0
2023-08-26,-23291.5,-374.0
2023-08-27,-23291.5,-374.0
2023-08-28,-22778.5,-61.0
2023-08-29,-22534.0,-153.0
2023-08-30,-22164.0,0.0
2023-08-31,-22120.5,-17.5
2023-09-01,-22100.5,-32.0
2023-09-02,-22100.5,-32.0
2023-09-03,-22100.5,-32.0
2023-09-04,-22049.5,-57.0
2023-09-05,-21873.5,-139.5
2023-09-06,-21629.5,0.0
2023-09-07,-21029.5,0.0
2023-09-08,-20985.5,0.0
2023-09-09,-20985.5,0.0
2023-09-10,-21017.5,-32.0
2023-09-11,-21142.5,-21.0
2023-09-12,-20815.5,-45.0
2023-09-13,-21073.5,0.0
2023-09-14,-21149.0,-75.5
2023-09-15,-21579.0,-75.5
2023-09-16,-21579.0,-75.5
2023-09-17,-21579.0,-75.5
2023-09-18,-21514.0,-87.0
2023-09-19,-21412.5,-119.0
2023-09-20,-21335.0,-153.5
2023-09-21,-21615.5,-223.5
2023-09-22,-21757.5,-158.5
2023-09-23,-21757.5,-158.5
2023-09-24,-21757.5,-158.5
2023-09-25,-21703.5,-23.5
2023-09-26,-22055.0,-69.5
2023-09-27,-21714.5,-98.5
2023-09-28,-21317.5,0.0
2023-09-29,-21257.0,-83.0
2023-09-30,-21257.0,-83.0
2023-10-01,-21257.0,-83.0
2023-10-02,-21340.5,-101.5
2023-10-03,-21455.5,-149.5
2023-10-04,-21731.0,-149.5
2023-10-05,-21912.0,-162.0
2023-10-06,-22374.0,-239.0
2023-10-07,-22374.0,-239.0
2023-10-08,-22374.0,-239.0
2023-10-09,-22099.5,-173.0
2023-10-10,-22123.5,-197.0
2023-10-11,-22395.5,-250.0
2023-10-12,-22666.0,-329.5
2023-10-13,-22824.5,-488.0
2023-10-14,-22824.5,-488.0
2023-10-15,-22824.5,-488.0
2023-10-16,-22343.0,-406.5
2023-10-17,-22352.0,-226.5
2023-10-18,-22120.0,-26.5
2023-10-19,-22028.5,0.0
2023-10-20,-22130.5,-19.5
2023-10-21,-22130.5,-19.5
2023-10-22,-22130.5,-19.5
2023-10-23,-21858.0,0.0
2023-10-24,-22078.5,-61.0
2023-10-25,-21965.0,0.0
2023-10-26,-21987.5,0.0
2023-10-27,-21998.5,-13.5
2023-10-28,-21998.5,-13.5
2023-10-29,-21998.5,-13.5
2023-10-30,-21728.0,0.0
2023-10-31,-21589.0,-38.5
2023-11-01,-21656.0,-83.0
2023-11-02,-21679.0,-83.0
2023-11-03,-21676.0,0.0
2023-11-04,-21676.0,0.0
2023-11-05,-21676.0,0.0
2023-11-06,-21771.5,-74.0
2023-11-07,-22038.0,-91.5
2023-11-08,-22095.5,-134.0
2023-11-09,-22212.5,-251.5
2023-11-10,-22200.5,-62.5
2023-11-11,-22200.5,-62.5
2023-11-12,-22200.5,-62.5
2023-11-13,-22181.0,-62.5
2023-11-14,-22177.5,-224.0
2023-11-15,-22051.5,-251.0
2023-11-16,-22237.0,-322.5
2023-11-17,-22297.5,-383.0
2023-11-18,-22297.5,-383.0
2023-11-19,-22297.5,-383.0
2023-11-20,-22509.5,-469.5
2023-11-21,-22552.0,-512.0
2023-11-22,-22690.0,-637.5
2023-11-23,-22648.0,-632.5
2023-11-24,-22648.0,-641.0
2023-11-25,-22648.0,-641.0
2023-11-26,-22583.5,-641.0
2023-11-27,-22631.0,-690.5
2023-11-28,-22524.5,-584.0
2023-11-29,-22595.5,-637.5
2023-11-30,-22654.5,-714.0
2023-12-01,-22453.5,-795.5
2023-12-02,-22453.5,-795.5
2023-12-03,-22453.5,-795.5
2023-12-04,-22579.5,-870.5
2023-12-05,-22420.0,-686.0
2023-12-06,-22147.0,-750.5
2023-12-07,-22504.0,-761.5
2023-12-08,-22193.0,-585.5
2023-12-09,-22193.0,-585.5
2023-12-10,-22228.5,-621.0
2023-12-11,-22314.0,-685.5
2023-12-12,-22114.0,-485.5
2023-12-13,-22241.5,-613.0
2023-12-14,-22041.5,-413.0
2023-12-15,-21873.5,-150.0
2023-12-16,-21873.5,-150.0
2023-12-17,-21873.5,-150.0
2023-12-18,-21946.0,-164.5
2023-12-19,-21959.0,-136.0
2023-12-20,-22189.0,-211.0
2023-12-21,-22280.0,-232.5
2023-12-22,-22097.5,-245.5
2023-12-23,-22097.5,-245.5
2023-12-24,-22097.5,-245.5
2023-12-25,-22097.5,-245.5
2023-12-26,-22214.0,-257.5
2023-12-27,-22397.5,-376.5
2023-12-28,-22303.5,-282.5
2023-12-29,-22451.0,-385.5
2023-12-30,-22451.0,-385.5
2023-12-31,-22451.0,-385.5
2024-01-01,-22451.0,-385.5
2024-01-02,-22610.5,-385.5
2024-01-03,-22662.0,-437.0
2024-01-04,-22262.0,-457.0
2024-01-05,-22058.0,-480.5
2024-01-06,-22058.0,-480.5
2024-01-07,-22058.0,-480.5
2024-01-08,-21810.0,-518.0
2024-01-09,-21916.0,-610.0
2024-01-10,-21943.0,-569.5
2024-01-11,-22062.5,-636.0
2024-01-12,-22112.5,-686.0
2024-01-13,-22112.5,-686.0
2024-01-14,-22112.5,-686.0
2024-01-15,-22136.0,-709.5
2024-01-16,-22349.0,-747.0
2024-01-17,-22289.0,-795.0
2024-01-18,-22217.0,-748.5
2024-01-19,-21817.0,-748.5
2024-01-20,-21817.0,-748.5
2024-01-21,-21817.0,-748.5
2024-01-22,-21845.5,-777.0
2024-01-23,-21925.5,-844.5
2024-01-24,-21987.0,-906.0
2024-01-25,-21760.0,-636.5
2024-01-26,-21643.0,-436.5
2024-01-27,-21643.0,-436.5
2024-01-28,-21643.0,-436.5
2024-01-29,-21166.5,-462.0
2024-01-30,-20967.0,-303.5
2024-01-31,-21019.0,-352.5
2024-02-01,-21159.5,-382.0
2024-02-02,-21346.0,-496.0
2024-02-03,-21346.0,-496.0
2024-02-04,-21346.0,-496.0
2024-02-05,-21233.5,-571.0
2024-02-06,-21162.0,-592.5
2024-02-07,-21353.0,-679.0
2024-02-08,-21294.5,-679.0
2024-02-09,-21363.5,-748.0
2024-02-10,-21363.5,-748.0
2024-02-11,-21363.5,-748.0
2024-02-12,-21451.0,-811.5
2024-02-13,-21941.5,-839.5
2024-02-14,-21541.5,-886.5
2024-02-15,-21302.0,-904.0
2024-02-16,-21529.5,-949.5
2024-02-17,-21529.5,-949.5
2024-02-18,-21529.5,-949.5
2024-02-19,-21578.0,-998.0
2024-02-20,-21578.0,-1026.5
2024-02-21,-21679.0,-892.5
2024-02-22,-22119.5,-692.5
2024-02-23,-22238.5,-711.0
2024-02-24,-22238.5,-711.0
2024-02-25,-22238.5,-711.0
2024-02-26,-22124.0,-547.0
2024-02-27,-22202.5,-347.0
2024-02-28,-22375.0,-382.0
2024-02-29,-22170.0,-396.5
2024-03-01,-21770.0,-256.5
2024-03-02,-21770.0,-256.5
2024-03-03,-21770.0,-256.5
2024-03-04,-21627.0,-113.5
2024-03-05,-21873.0,-300.0
2024-03-06,-21927.5,-336.0
2024-03-07,-21997.5,-326.5
2024-03-08,-22278.0,-374.5
2024-03-09,-22278.0,-374.5
2024-03-10,-22278.0,-374.5
2024-03-11,-22152.0,-222.0
2024-03-12,-22752.0,-222.0
2024-03-13,-22829.5,-299.5
2024-03-14,-22670.5,-140.5
2024-03-15,-22278.5,-180.5
2024-03-16,-22278.5,-180.5
2024-03-17,-22329.5,-180.5
2024-03-18,-22679.5,-180.5
2024-03-19,-22318.5,-270.5
2024-03-20,-22462.0,-292.5
2024-03-21,-22571.5,-383.0
2024-03-22,-22656.5,-545.0
2024-03-23,-22656.5,-545.0
2024-03-24,-22675.5,-564.0
2024-03-25,-22870.5,-716.0
2024-03-26,-22736.0,-541.0
2024-03-27,-22771.0,-576.0
2024-03-28,-22886.5,-651.5
2024-03-29,-22886.5,-651.5
2024-03-30,-22886.5,-651.5
2024-03-31,-22943.0,-651.5
2024-04-01,-22923.0,-584.5
2024-04-02,-23111.5,-704.0
2024-04-03,-23167.0,-759.5
2024-04-04,-23477.0,-826.5
2024-04-05,-23386.5,-859.0
2024-04-06,-23386.5,-859.0
2024-04-07,-23386.5,-859.0
2024-04-08,-23297.0,-659.0
2024-04-09,-23401.0,-803.5
2024-04-10,-23232.0,-942.0
2024-04-11,-23282.5,-992.5
2024-04-12,-23560.0,-1063.5
2024-04-13,-23560.0,-1063.5
2024-04-14,-23560.0,-1063.5
2024-04-15,-23695.5,-1236.5
2024-04-16,-23471.0,-1113.5
2024-04-17,-23729.0,-1153.5
2024-04-18,-24114.0,-1228.0
2024-04-19,-23826.5,-1296.0
2024-04-20,-23826.5,-1296.0
2024-04-21,-23826.5,-1296.0
2024-04-22,-23646.5,-1395.5
2024-04-23,-23546.5,-1295.5
2024-04-24,-23400.5,-1115.0
2024-04-25,-23736.0,-1222.5
2024-04-26,-23469.5,-1287.5
2024-04-27,-23469.5,-1287.5
2024-04-28,-23469.5,-1287.5
2024-04-29,-23575.5,-1312.0
2024-04-30,-23728.0,-1112.0
2024-05-01,-23826.5,-1210.5
2024-05-02,-24073.5,-1403.5
2024-05-03,-24263.5,-1422.5
2024-05-04,-24263.5,-1422.5
2024-05-05,-24263.5,-1422.5
2024-05-06,-23923.0,-1511.5
2024-05-07,-23891.0,-1479.5
2024-05-08,-23974.0,-1502.0
2024-05-09,-24102.0,-1560.5
2024-05-10,-24053.0,-1573.5
2024-05-11,-24053.0,-1573.5
2024-05-12,-24053.0,-1573.5
2024-05-13,-24103.5,-1594.5
2024-05-14,-24362.0,-1471.0
2024-05-15,-24501.0,-1536.0
2024-05-16,-24522.0,-1557.0
2024-05-17,-24337.0,-1372.0
2024-05-18,-24337.0,-1372.0
2024-05-19,-24337.0,-1372.0
2024-05-20,-24312.5,-1220.5
2024-05-21,-24367.5,-1234.5
2024-05-22,-24291.0,-1110.0
2024-05-23,-24506.0,-1260.0
2024-05-24,-24506.0,-1060.0
2024-05-25,-24506.0,-1060.0
2024-05-26,-24506.0,-1060.0
2024-05-27,-24529.0,-1083.0
2024-05-28,-24688.0,-1170.5
2024-05-29,-24822.0,-1024.5
2024-05-30,-24984.5,-1105.0
2024-05-31,-24829.0,-1064.5
2024-06-01,-24829.0,-1064.5
2024-06-02,-24829.0,-1064.5
2024-06-03,-24403.0,-1215.5
2024-06-04,-24199.5,-1215.5
2024-06-05,-24669.0,-1306.5
2024-06-06,-24776.0,-1413.5
2024-06-07,-24992.5,-1630.0
2024-06-08,-24992.5,-1630.0
2024-06-09,-24992.5,-1630.0
2024-06-10,-25041.5,-1700.0
2024-06-11,-24733.5,-1716.0
2024-06-12,-24745.0,-1727.5
2024-06-13,-24635.5,-1713.5
2024-06-14,-24532.0,-1797.5
2024-06-15,-24532.0,-1797.5
2024-06-16,-24532.0,-1797.5
2024-06-17,-24639.0,-1812.5
2024-06-18,-24439.0,-1836.0
2024-06-19,-24406.5,-1803.5
2024-06-20,-24233.5,-1816.0
2024-06-21,-24150.5,-1739.0
2024-06-22,-24150.5,-1739.0
2024-06-23,-24150.5,-1739.0
2024-06-24,-24000.0,-1764.0
2024-06-25,-24246.0,-2010.0
2024-06-26,-24189.5,-2136.0
2024-06-27,-24268.0,-1985.0
2024-06-28,-24509.0,-2139.0
2024-06-29,-24509.0,-2139.0
2024-06-30,-24538.5,-2168.5
2024-07-01,-24676.5,-2280.5
2024-07-02,-24505.5,-2330.5
2024-07-03,-24577.0,-2394.0
2024-07-04,-24515.0,-2332.0
2024-07-05,-24081.0,-2298.0
2024-07-06,-24081.0,-2298.0
2024-07-07,-24081.0,-2298.0
2024-07-08,-24011.5,-2147.0
2024-07-09,-24047.5,-2154.5
2024-07-10,-24252.0,-2187.5
2024-07-11,-24598.0,-2294.5
2024-07-12,-24373.5,-2375.0
2024-07-13,-24373.5,-2375.0
2024-07-14,-24373.5,-2375.0
2024-07-15,-24550.0,-2392.5
2024-07-16,-24697.0,-2414.0
2024-07-17,-24818.0,-2214.0
2024-07-18,-25247.0,-2276.0
2024-07-19,-24861.0,-2010.0
2024-07-20,-24861.0,-2010.0
2024-07-21,-24861.0,-2010.0
2024-07-22,-25002.0,-1810.0
2024-07-23,-24863.0,-1877.5
2024-07-24,-25227.5,-2156.0
2024-07-25,-25909.0,-1882.5
2024-07-26,-25958.0,-1882.5
2024-07-27,-25958.0,-1882.5
2024-07-28,-25958.0,-1882.5
2024-07-29,-26278.0,-2020.0
2024-07-30,-26144.0,-2086.0
2024-07-31,-26527.0,-1686.0
2024-08-01,-26523.5,-1760.5
2024-08-02,-26723.5,-1760.5
2024-08-03,-26723.5,-1760.5
2024-08-04,-27226.5,-1882.0
2024-08-05,-27304.0,-1959.5
2024-08-06,-27160.0,-1559.5
2024-08-07,-27267.5,-1870.5
2024-08-08,-27424.5,-1670.5
2024-08-09,-27737.5,-1670.5
2024-08-10,-27737.5,-1670.5
2024-08-11,-27737.5,-1670.5
2024-08-12,-27649.0,-1834.5
2024-08-13,-27501.0,-1686.5
2024-08-14,-27456.0,-1641.5
2024-08-15,-27293.5,-1464.5
2024-08-16,-27238.5,-1353.0
2024-08-17,-27238.5,-1353.0
2024-08-18,-27286.0,-1353.0
2024-08-19,-27407.5,-1475.5
2024-08-20,-27076.5,-1275.5
2024-08-21,-27098.5,-1101.0
2024-08-22,-27501.5,-1239.5
2024-08-23,-27260.5,-1039.5
2024-08-24,-27260.5,-1039.5
2024-08-25,-27260.5,-1039.5
2024-08-26,-26818.0,-1039.5
2024-08-27,-26955.0,-1173.0
2024-08-28,-27064.0,-1282.0
2024-08-29,-27083.5,-1463.0
2024-08-30,-27014.0,-1263.0
2024-08-31,-27014.0,-1263.0
2024-09-01,-27028.5,-1277.5
2024-09-02,-27101.5,-1350.5
2024-09-03,-27839.5,-1500.0
2024-09-04,-27570.0,-1430.5
2024-09-05,-27739.5,-1291.5
2024-09-06,-27904.5,-1152.0
2024-09-07,-27904.5,-1152.0
2024-09-08,-28017.0,-1264.5
2024-09-09,-28217.0,-1464.5
2024-09-10,-27545.5,-1064.5
2024-09-11,-28088.5,-1301.0
2024-09-12,-27598.5,-926.0
2024-09-13,-27394.5,-956.0
2024-09-14,-27394.5,-956.0
2024-09-15,-27394.5,-956.0
2024-09-16,-27367.5,-1011.5
2024-09-17,-27339.5,-1108.5
2024-09-18,-27798.0,-1121.0
2024-09-19,-27998.0,-921.0
2024-09-20,-27885.5,-1008.5
2024-09-21,-27885.5,-1008.5
2024-09-22,-27885.5,-1008.5
2024-09-23,-27720.0,-1066.0
2024-09-24,-27275.0,-970.5
2024-09-25,-27126.0,-1015.0
2024-09-26,-27198.0,-1015.0
2024-09-27,-27294.0,-1111.0
2024-09-28,-27294.0,-1111.0
2024-09-29,-27294.0,-1111.0
2024-09-30,-27175.0,-1192.0
2024-10-01,-26775.0,-992.0
2024-10-02,-26619.0,-1036.0
2024-10-03,-26683.0,-1105.5
2024-10-04,-26534.0,-1189.0
2024-10-05,-26534.0,-1189.0
2024-10-06,-26534.0,-1189.0
2024-10-07,-26245.5,-989.0
2024-10-08,-26160.0,-928.5
2024-10-09,-25960.0,-952.0
2024-10-10,-25664.5,-656.5
2024-10-11,-25426.5,-732.0
2024-10-12,-25426.5,-732.0
2024-10-13,-25426.5,-732.0
2024-10-14,-25541.0,-616.5
2024-10-15,-25843.5,-597.5
2024-10-16,-25465.0,-197.5
2024-10-17,-25120.5,-273.0
2024-10-18,-24833.0,-342.5
2024-10-19,-24833.0,-342.5
2024-10-20,-24833.0,-342.5
2024-10-21,-24367.0,-184.5
2024-10-22,-24416.0,-228.5
2024-10-23,-24887.0,-49.5
2024-10-24,-24967.5,-90.0
2024-10-25,-25031.5,0.0
2024-10-26,-25031.5,0.0
2024-10-27,-25031.5,0.0
2024-10-28,-24847.5,-92.0
2024-10-29,-24918.5,-37.0
2024-10-30,-25060.0,-74.5
2024-10-31,-25255.0,-116.5
2024-11-01,-24884.5,-167.5
2024-11-02,-24884.5,-167.5
2024-11-03,-24884.5,-167.5
2024-11-04,-25229.5,-238.0
2024-11-05,-25239.5,-162.5
2024-11-06,-25673.0,-26.0
2024-11-07,-25473.0,0.0
2024-11-08,-25681.5,-73.0
2024-11-09,-25681.5,-73.0
2024-11-10,-25681.5,-73.0
2024-11-11,-25912.0,-153.0
2024-11-12,-25868.5,-246.5
2024-11-13,-25548.0,-46.5
2024-11-14,-25928.5,-194.5
2024-11-15,-26457.5,-345.0
2024-11-16,-26457.5,-345.0
2024-11-17,-26457.5,-345.0
2024-11-18,-26362.5,-250.0
2024-11-19,-26533.5,-249.5
2024-11-20,-25978.5,-284.5
2024-11-21,-26096.0,-406.5
2024-11-22,-25914.0,-466.0
2024-11-23,-25914.0,-466.0
2024-11-24,-25914.0,-466.0
2024-11-25,-25721.0,-277.0
2024-11-26,-25425.0,-333.0
2024-11-27,-25648.0,-333.0
2024-11-28,-25733.5,-377.5
2024-11-29,-26133.5,-456.0
2024-11-30,-26133.5,-456.0
2024-12-01,-26134.5,-463.0
2024-12-02,-26173.0,-517.5
2024-12-03,-26383.0,-480.5
2024-12-04,-26206.5,-304.0
2024-12-05,-26326.5,-390.0
2024-12-06,-26502.5,-509.0
2024-12-07,-26502.5,-509.0
2024-12-08,-26502.5,-509.0
2024-12-09,-26601.5,-579.5
2024-12-10,-26458.5,-287.0
2024-12-11,-26351.0,-169.0
2024-12-12,-26130.5,0.0
2024-12-13,-26289.5,-220.0
2024-12-14,-26289.5,-220.0
2024-12-15,-26289.5,-220.0
2024-12-16,-26308.0,-238.5
2024-12-17,-26272.0,-326.0
2024-12-18,-26263.0,-528.0
2024-12-19,-25718.5,-183.5
2024-12-20,-25675.0,0.0
2024-12-21,-25675.0,0.0
2024-12-22,-25675.0,0.0
2024-12-23,-25241.5,0.0
2024-12-24,-25041.5,0.0
2024-12-25,-25168.5,0.0
2024-12-26,-24633.0,-81.0
2024-12-27,-24507.0,0.0
2024-12-28,-24507.0,0.0
2024-12-29,-24507.0,0.0
2024-12-30,-24906.0,-199.0
2024-12-31,-24984.5,-125.5
2025-01-01,-24984.5,-125.5
2025-01-02,-25142.5,-283.5
2025-01-03,-25397.0,-320.5
2025-01-04,-25397.0,-320.5
2025-01-05,-25397.0,-320.5
2025-01-06,-25431.0,-320.5
2025-01-07,-25475.5,-603.0
2025-01-08,-25616.0,-363.0
2025-01-09,-25374.5,-363.0
2025-01-10,-25044.5,-390.5
2025-01-11,-25044.5,-390.5
2025-01-12,-25044.5,-390.5
2025-01-13,-25307.0,-520.0
2025-01-14,-24507.0,-320.0
2025-01-15,-24689.5,-197.5
2025-01-16,-24233.5,0.0
2025-01-17,-24246.0,0.0
2025-01-18,-24246.0,0.0
2025-01-19,-24246.0,0.0
2025-01-20,-24357.0,0.0
2025-01-21,-23624.0,0.0
2025-01-22,-23523.0,0.0
2025-01-23,-23655.0,-109.5
2025-01-24,-23782.5,-173.0
2025-01-25,-23782.5,-173.0
2025-01-26,-23982.5,-173.0
2025-01-27,-24694.5,-542.0
2025-01-28,-24668.0,-424.0
2025-01-29,-24043.0,-321.0
2025-01-30,-24093.0,-274.0
2025-01-31,-24220.5,-319.5
2025-02-01,-24220.5,-319.5
2025-02-02,-24277.0,-376.0
2025-02-03,-24659.0,-470.5
2025-02-04,-24911.5,-523.0
2025-02-05,-24364.5,-687.5
2025-02-06,-24254.0,-541.5
2025-02-07,-24709.0,-371.0
2025-02-08,-24709.0,-371.0
2025-02-09,-24509.0,-371.0
2025-02-10,-24468.0,-171.0
2025-02-11,-24444.5,0.0
2025-02-12,-24068.5,0.0
2025-02-13,-24535.0,-40.0
2025-02-14,-24609.0,-114.0
2025-02-15,-24609.0,-114.0
2025-02-16,-24702.5,-114.0
2025-02-17,-24689.5,-115.0
2025-02-18,-24909.5,-275.0
2025-02-19,-24641.5,-128.0
2025-02-20,-24744.0,-230.5
2025-02-21,-24991.5,-363.0
2025-02-22,-24991.5,-363.0
2025-02-23,-25063.0,-434.5
2025-02-24,-25325.5,-297.0
2025-02-25,-25376.0,-196.0
2025-02-26,-25246.0,-257.5
2025-02-27,-25261.5,-218.5
2025-02-28,-25407.5,-246.0
2025-03-01,-25407.5,-246.0
2025-03-02,-25407.5,-246.0
2025-03-03,-25910.0,-548.5
2025-03-04,-25352.0,-880.5
2025-03-05,-25678.5,-1007.0
2025-03-06,-26130.0,-1007.0
2025-03-07,-26253.0,-1052.0
2025-03-08,-26253.0,-1052.0
2025-03-09,-26253.0,-1052.0
2025-03-10,-25853.0,-706.5
2025-03-11,-26248.0,-555.0
2025-03-12,-26374.5,-681.5
2025-03-13,-26174.5,-481.5
2025-03-14,-26792.5,-564.0
2025-03-15,-26792.5,-564.0
2025-03-16,-26792.5,-564.0
2025-03-17,-26851.5,-629.5
2025-03-18,-26318.0,-473.0
2025-03-19,-26771.0,-624.0
2025-03-20,-26656.0,-461.0
2025-03-21,-26728.0,-642.0
2025-03-22,-26728.0,-642.0
2025-03-23,-26728.0,-642.0
2025-03-24,-26840.5,-737.0
2025-03-25,-26994.5,-833.5
2025-03-26,-26827.0,-666.0
2025-03-27,-26879.5,-720.0
2025-03-28,-26919.0,-520.0
2025-03-29,-26919.0,-520.0
2025-03-30,-26919.0,-520.0
2025-03-31,-27298.0,-899.0
2025-04-01,-27581.5,-1182.5
2025-04-02,-27649.0,-1182.5
2025-04-03,-28141.0,-1274.5
2025-04-04,-28341.0,-1474.5
2025-04-05,-28341.0,-1474.5
2025-04-06,-28541.0,-1474.5
2025-04-07,-29341.0,-1674.5
2025-04-08,-29439.0,-1474.5
2025-04-09,-28886.0,-874.5
2025-04-10,-28686.0,-474.5
2025-04-11,-29086.0,-474.5
2025-04-12,-29086.0,-474.5
2025-04-13,-29086.0,-274.5
2025-04-14,-28566.0,-354.5
2025-04-15,-28506.5,-412.5
2025-04-16,-28908.0,-412.5
2025-04-17,-28433.0,-212.5
2025-04-18,-28433.0,-212.5
2025-04-19,-28433.0,-212.5
2025-04-20,-28633.0,-212.5
2025-04-21,-28767.0,-346.5
2025-04-22,-29294.5,-295.5
2025-04-23,-29494.0,-241.0
2025-04-24,-29412.0,0.0
2025-04-25,-29642.0,0.0
2025-04-26,-29642.0,0.0
2025-04-27,-29642.0,0.0
2025-04-28,-29573.0,-273.0
2025-04-29,-29458.5,-415.5
2025-04-30,-30033.5,-415.5
2025-05-01,-30397.5,-722.0
2025-05-02,-30735.0,-522.0
2025-05-03,-30735.0,-522.0
2025-05-04,-30889.0,-522.0
2025-05-05,-30623.0,-201.0
2025-05-06,-31108.0,-417.0
2025-05-07,-31061.0,-314.0
2025-05-08,-31034.0,-339.0
2025-05-09,-30901.0,-139.0
2025-05-10,-30901.0,-139.0
2025-05-11,-31183.5,-167.5
2025-05-12,-30887.5,-271.5
2025-05-13,-30922.5,-71.5
2025-05-14,-30492.5,0.0
2025-05-15,-30529.0,-95.5
2025-05-16,-30715.5,-282.0
2025-05-17,-30715.5,-282.0
2025-05-18,-30788.5,-282.0
2025-05-19,-31116.0,-392.0
2025-05-20,-30940.0,-192.0
2025-05-21,-30781.0,-351.0
2025-05-22,-30806.5,-376.5
2025-05-23,-30690.0,-260.0
2025-05-24,-30690.0,-260.0
2025-05-25,-30690.0,-260.0
2025-05-26,-30660.5,-305.0
2025-05-27,-30902.5,-395.5
2025-05-28,-31203.5,-427.0
2025-05-29,-31243.0,-604.5
2025-05-30,-30905.5,-604.5
2025-05-31,-30905.5,-604.5
2025-06-01,-30905.5,-604.5
2025-06-02,-30623.0,-404.5
2025-06-03,-30741.0,-477.5
2025-06-04,-30521.5,-293.5
2025-06-05,-30711.5,-623.5
2025-06-06,-30759.5,-423.5
2025-06-07,-30759.5,-423.5
2025-06-08,-30759.5,-423.5
2025-06-09,-30763.0,-483.0
2025-06-10,-30402.0,-83.0
2025-06-11,-29971.0,0.0
2025-06-12,-29677.5,0.0
2025-06-13,-29796.5,-119.0
2025-06-14,-29796.5,-119.0
2025-06-15,-29796.5,-119.0
2025-06-16,-29996.5,-119.0
2025-06-17,-30250.5,-141.5
2025-06-18,-30309.5,-200.5
2025-06-19,-30272.5,-295.0
2025-06-20,-30720.0,-564.0
2025-06-21,-30720.0,-564.0
2025-06-22,-30749.0,-593.0
2025-06-23,-30659.5,-253.0
2025-06-24,-30624.5,-318.5
2025-06-25,-30674.0,-382.5
2025-06-26,-30556.5,-265.0
2025-06-27,-30318.0,0.0
2025-06-28,-30318.0,0.0
2025-06-29,-30318.0,0.0
2025-06-30,-30483.5,-65.0
2025-07-01,-30503.0,-156.0
2025-07-02,-30596.5,-258.0
2025-07-03,-30626.5,-288.0
2025-07-04,-30626.5,-288.0
2025-07-05,-30626.5,-288.0
2025-07-06,-30478.0,-139.5
2025-07-07,-30632.5,-206.0
2025-07-08,-30712.0,-285.5
2025-07-09,-30668.0,-191.5
2025-07-10,-30595.5,0.0
2025-07-11,-30730.5,-88.0
2025-07-12,-30730.5,-88.0
2025-07-13,-30730.5,-88.0
2025-07-14,-30330.5,-122.5
2025-07-15,-30271.5,0.0
2025-07-16,-30058.0,-75.5
2025-07-17,-30091.5,-158.0
2025-07-18,-30122.5,-189.0
2025-07-19,-30122.5,-189.0
2025-07-20,-30122.5,-189.0
2025-07-21,-30299.5,-302.5
2025-07-22,-30568.0,-389.0
2025-07-23,-30804.5,-479.5
2025-07-24,-30863.5,-493.5
2025-07-25,-30945.5,-575.5
2025-07-26,-30945.5,-575.5
2025-07-27,-30945.5,-575.5
2025-07-28,-31010.0,-640.0
2025-07-29,-30745.0,-375.0
2025-07-30,-30686.5,-220.0
2025-07-31,-31045.5,-316.5
2025-08-01,-31181.0,-373.0
2025-08-02,-31181.0,-373.0
2025-08-03,-31181.0,-373.0
2025-08-04,-31252.0,-444.0
2025-08-05,-31085.5,-547.5
2025-08-06,-31025.0,-446.5
2025-08-07,-31065.0,-434.5
2025-08-08,-31232.5,-555.5
2025-08-09,-31232.5,-555.5
2025-08-10,-31232.5,-555.5
2025-08-11,-30862.5,-555.5
2025-08-12,-30868.5,-396.5
2025-08-13,-30910.0,-438.0
2025-08-14,-30976.5,-264.0
2025-08-15,-30517.5,-270.5
2025-08-16,-30517.5,-270.5
2025-08-17,-30517.5,-270.5
2025-08-18,-30806.0,-356.5
2025-08-19,-30803.0,-297.5
2025-08-20,-30987.5,-332.0
2025-08-21,-30789.0,-395.0
2025-08-22,-30620.0,-431.0
2025-08-23,-30620.0,-431.0
2025-08-24,-30620.0,-431.0
2025-08-25,-30775.0,-545.0
2025-08-26,-30857.5,-627.5
2025-08-27,-30701.0,-471.0
2025-08-28,-30539.0,-206.0
2025-08-29,-30809.5,-75.0
2025-08-30,-30809.5,-75.0
2025-08-31,-30926.0,-121.5
2025-09-01,-30957.5,-156.0
2025-09-02,-31498.0,-296.5
2025-09-03,-31477.5,-339.0
2025-09-04,-31716.5,-391.5
2025-09-05,-31598.5,-569.0
2025-09-06,-31598.5,-569.0
2025-09-07,-31598.5,-569.0
2025-09-08,-31824.5,-595.0
2025-09-09,-31739.0,-452.5
2025-09-10,-31280.0,-252.5
2025-09-11,-31129.0,-300.5
2025-09-12,-31154.0,-325.5
2025-09-13,-31154.0,-325.5
2025-09-14,-31154.0,-325.5
2025-09-15,-31193.5,-365.0
2025-09-16,-31057.0,-236.5
2025-09-17,-30640.5,-56.0
2025-09-18,-30729.0,-144.5
2025-09-19,-30794.0,-209.5
2025-09-20,-30794.0,-209.5
2025-09-21,-30794.0,-209.5
2025-09-22,-30701.0,-63.0
2025-09-23,-30834.0,-196.0
2025-09-24,-30925.0,-227.0
2025-09-25,-30925.0,-227.0
2025-09-26,-30945.5,-180.5
2025-09-27,-30945.5,-180.5
2025-09-28,-30945.5,-180.5
2025-09-29,-30832.5,-34.0
2025-09-30,-30963.0,-34.0
2025-10-01,-30739.0,0.0
2025-10-02,-30735.5,-53.5
2025-10-03,-30987.5,-151.5
2025-10-04,-30987.5,-151.5
2025-10-05,-30987.5,-151.5
2025-10-06,-31246.0,-386.0
2025-10-07,-31057.0,-373.5
2025-10-08,-31066.5,-210.5
2025-10-09,-30731.5,-110.0
2025-10-10,-31509.0,-437.0
2025-10-11,-31509.0,-437.0
2025-10-12,-31698.0,-626.0
2025-10-13,-31629.5,-557.5
2025-10-14,-31376.5,-557.5
2025-10-15,-31738.5,-464.5
2025-10-16,-32405.0,-600.0
2025-10-17,-32690.0,-600.0
2025-10-18,-32690.0,-600.0
2025-10-19,-32490.0,-600.0
2025-10-20,-32980.5,-692.5
2025-10-21,-33013.0,-584.0
2025-10-22,-33310.5,-469.5
2025-10-23,-32989.0,-469.5
2025-10-24,-33136.5,-531.5
2025-10-25,-33136.5,-531.5
2025-10-26,-33136.5,-531.5
2025-10-27,-33136.5,-531.5
2025-10-28,-33162.0,-557.0
2025-10-29,-33556.5,-681.0
2025-10-30,-33057.5,-281.0
2025-10-31,-32457.5,-125.5
2025-11-01,-32457.5,-125.5
2025-11-02,-32457.5,-125.5
2025-11-03,-32769.5,-369.0
2025-11-04,-33148.5,-732.5
2025-11-05,-33325.5,-909.5
2025-11-06,-34068.0,-1178.0
2025-11-07,-34247.5,-1157.5
2025-11-08,-34247.5,-1157.5
2025-11-09,-34247.5,-1157.5
2025-11-10,-34780.5,-957.5
2025-11-11,-34513.5,-884.0
2025-11-12,-34120.0,-853.5
2025-11-13,-34328.0,-820.5
2025-11-14,-34637.5,-930.0
2025-11-15,-34637.5,-930.0
2025-11-16,-34798.5,-1091.0
2025-11-17,-35673.0,-1568.0
2025-11-18,-35365.5,-1460.5
2025-11-19,-35775.0,-1460.5
2025-11-20,-36822.0,-1260.5
2025-11-21,-36041.0,-1385.0
2025-11-22,-36041.0,-1385.0
2025-11-23,-36041.0,-1385.0
2025-11-24,-36241.0,-1385.0
2025-11-25,-36190.0,-1472.5
2025-11-26,-36404.0,-1515.5
2025-11-27,-36369.0,-1515.5
2025-11-28,-36184.5,-1331.0
2025-11-29,-36184.5,-1331.0
2025-11-30,-36334.5,-1331.0
2025-12-01,-35734.5,-1131.0
2025-12-02,-34950.5,-803.0
2025-12-03,-34202.5,-603.0
2025-12-04,-34513.5,-790.0
2025-12-05,-34293.0,-691.5
2025-12-06,-34293.0,-691.5
2025-12-07,-34293.0,-691.5
2025-12-08,-34361.5,-791.5
2025-12-09,-34272.0,-799.0
2025-12-10,-35216.0,-916.0
2025-12-11,-34932.5,-966.0
2025-12-12,-35548.0,-1092.0
2025-12-13,-35548.0,-1092.0
2025-12-14,-35548.0,-1092.0
2025-12-15,-36028.5,-1325.5
2025-12-16,-35455.5,-1373.5
2025-12-17,-35766.0,-1551.0
2025-12-18,-35986.5,-1670.5
2025-12-19,-35986.5,-1670.5
2025-12-20,-35986.5,-1670.5
2025-12-21,-35986.5,-1670.5
2025-12-22,-35921.5,-1734.0
2025-12-23,-36084.5,-1758.5
2025-12-24,-36124.0,-1798.0
2025-12-25,-36124.0,-1798.0
2025-12-26,-36123.0,-1760.0
2025-12-27,-36123.0,-1760.0
2025-12-28,-36123.0,-1760.0
2025-12-29,-35650.0,-1760.0
2025-12-30,-35692.0,-1909.0
2025-12-31,-35891.0,-1940.0
2026-01-01,-35999.0,-2048.0
2026-01-02,-35962.5,-2011.5
2026-01-03,-35962.5,-2011.5
2026-01-04,-35962.5,-2011.5
2026-01-05,-35562.5,-1611.5
2026-01-06,-35828.0,-1677.0
2026-01-07,-36098.0,-1793.0
2026-01-08,-35876.5,-1629.0
2026-01-09,-35699.0,-1546.5
2026-01-10,-35699.0,-1546.5
2026-01-11,-35699.0,-1546.5
2026-01-12,-36024.0,-1546.5
2026-01-13,-35615.0,-1376.5
2026-01-14,-35499.0,-1477.5
2026-01-15,-35265.0,-1243.5
2026-01-16,-34938.5,-1278.0
2026-01-17,-34938.5,-1278.0
2026-01-18,-35138.5,-1278.0
2026-01-19,-35209.5,-1431.0
2026-01-20,-34881.0,-1097.5
2026-01-21,-34993.0,-1473.5
2026-01-22,-34816.5,-1273.5
2026-01-23,-34036.5,-1273.5
2026-01-24,-34036.5,-1273.5
2026-01-25,-34036.5,-1273.5
2026-01-26,-34351.5,-1311.5
2026-01-27,-34455.5,-1456.5
2026-01-28,-34255.5,-1256.5
2026-01-29,-34938.0,-1256.5
2026-01-30,-35038.0,-1356.5
2026-01-31,-35038.0,-1356.5
2026-02-01,-35238.0,-1356.5
2026-02-02,-35515.5,-1834.0
2026-02-03,-35383.5,-1702.0
2026-02-04,-35487.5,-1862.0
2026-02-05,-35831.5,-1956.5
2026-02-06,-36154.5,-1956.5
2026-02-07,-36154.5,-1956.5
2026-02-08,-36154.5,-1956.5
2026-02-09,-36342.5,-2128.5
2026-02-10,-36077.0,-1928.5
2026-02-11,-35906.0,-1528.5
2026-02-12,-36274.5,-1328.5
2026-02-13,-36182.5,-1236.5
2026-02-14,-36182.5,-1236.5
2026-02-15,-36238.5,-1292.5
2026-02-16,-36089.5,-1328.5
2026-02-17,-36251.5,-1609.0
2026-02-18,-35797.5,-1818.5
2026-02-19,-35651.5,-1818.5
2026-02-20,-35269.5,-1855.0
2026-02-21,-35269.5,-1855.0
2026-02-22,-35469.5,-1855.0
2026-02-23,-36269.5,-1855.0
2026-02-24,-36124.5,-1680.5
2026-02-25,-36096.0,-1773.0
2026-02-26,-36022.0,-1665.5
2026-02-27,-35936.5,-1758.0
2026-02-28,-35936.5,-1758.0
2026-03-01,-35936.5,-1758.0
2026-03-02,-36025.0,-1846.5
2026-03-03,-36101.5,-1606.0
2026-03-04,-36301.5,-1606.0
2026-03-05,-36211.5,-1316.5
2026-03-06,-35447.0,-716.5
2026-03-07,-35447.0,-716.5
2026-03-08,-35647.0,-916.5
2026-03-09,-35803.0,-824.5
2026-03-10,-35117.5,-675.5
2026-03-11,-34796.5,-554.5
2026-03-12,-35085.0,-694.5
2026-03-13,-35045.0,-750.0
2026-03-14,-35045.0,-750.0
2026-03-15,-35075.5,-780.5
2026-03-16,-35513.0,-848.0
2026-03-17,-35113.0,-648.0
2026-03-18,-34468.0,-771.0
2026-03-19,-34391.0,-916.5
2026-03-20,-34901.5,-1023.0
2026-03-21,-34901.5,-1023.0
2026-03-22,-34901.5,-1023.0
2026-03-23,-35057.0,-823.0
2026-03-24,-35158.0,-983.0
2026-03-25,-35171.0,-895.5
2026-03-26,-35990.0,-1211.5
2026-03-27,-36614.5,-991.0
2026-03-28,-36614.5,-991.0
2026-03-29,-36917.5,-1094.0
2026-03-30,-37117.5,-1094.0
2026-03-31,-37050.5,-1098.0
2026-04-01,-37447.0,-983.5
2026-04-02,-37430.5,-909.5
2026-04-03,-37537.0,-963.5
2026-04-04,-37537.0,-963.5
2026-04-05,-37711.5,-963.5
2026-04-06,-36983.5,-763.5
2026-04-07,-37676.5,-944.5
2026-04-08,-37929.5,-1072.5
2026-04-09,-38068.5,-1221.5
2026-04-10,-38025.0,-1075.5
2026-04-11,-38025.0,-1075.5
2026-04-12,-38025.0,-1075.5
2026-04-13,-37888.5,-902.0
2026-04-14,-37966.0,-935.0
2026-04-15,-37978.0,-843.5
2026-04-16,-37925.5,-738.0
2026-04-17,-37879.0,-656.5
2026-04-18,-37879.0,-656.5
2026-04-19,-37679.0,-456.5
2026-04-20,-37769.5,-547.0
2026-04-21,-37824.5,-602.0
2026-04-22,-37860.0,-637.5
2026-04-23,-37940.0,-765.5
2026-04-24,-37982.5,-808.0
2026-04-25,-37982.5,-808.0
2026-04-26,-37982.5,-808.0
2026-04-27,-37926.0,-660.5
2026-04-28,-38097.5,-660.5
2026-04-29,-38728.0,-891.0
2026-04-30,-38269.0,-1130.0
2026-05-01,-38334.5,-1195.5
2026-05-02,-38334.5,-1195.5
2026-05-03,-38334.5,-1195.5
2026-05-04,-37582.5,-1195.5
2026-05-05,-37770.0,-983.5
2026-05-06,-37770.0,-983.5
2026-05-07,-37170.0,-583.5
2026-05-08,-36970.0,-383.5
2026-05-09,-36970.0,-383.5
2026-05-10,-37026.0,-439.5
2026-05-11,-36673.5,-239.5
2026-05-12,-36209.0,-39.5
2026-05-13,-37000.0,-39.5
2026-05-14,-36438.5,0.0
2026-05-15,-36937.0,-8.5
2026-05-16,-36937.0,-8.5
2026-05-17,-37137.0,-8.5
2026-05-18,-36921.0,0.0
2026-05-19,-36684.5,0.0
2026-05-20,-36643.5,0.0
2026-05-21,-37183.0,-97.5
2026-05-22,-36964.5,-275.0
2026-05-23,-36964.5,-275.0
2026-05-24,-36964.5,-275.0
2026-05-25,-37211.0,-361.0
2026-05-26,-37554.5,-504.5
2026-05-27,-38019.0,-258.0
2026-05-28,-37640.5,-279.5
2026-05-29,-37949.5,-511.5
2026-05-30,-37949.5,-511.5
2026-05-31,-37949.5,-511.5
2026-06-01,-38044.0,-311.5
2026-06-02,-37580.0,-47.5
2026-06-03,-36846.5,0.0
2026-06-04,-37347.5,0.0
2026-06-05,-38021.0,0.0
2026-06-06,-38021.0,0.0
2026-06-07,-38021.0,0.0
2026-06-08,-38267.5,-46.5
2026-06-09,-38597.5,0.0
2026-06-10,-38359.5,0.0
2026-06-11,-38634.0,0.0
2026-06-12,-38361.0,0.0
2026-06-13,-38361.0,0.0
2026-06-14,-38361.0,0.0
2026-06-15,-38408.5,0.0
2026-06-16,-38265.0,0.0
2026-06-17,-37727.0,0.0
2026-06-18,-37507.0,0.0
2026-06-19,-37707.0,0.0
2026-06-20,-37707.0,0.0
2026-06-21,-37307.0,0.0
2026-06-22,-38006.0,-149.5
2026-06-23,-37406.0,-149.5
2026-06-24,-37248.5,-243.0
2026-06-25,-38141.0,-335.5
2026-06-26,-37779.0,-458.5
2026-06-27,-37779.0,-458.5
2026-06-28,-37979.0,-458.5
2026-06-29,-37252.5,-332.0
2026-06-30,-36549.5,-229.0
2026-07-01,-36734.5,-278.5
2026-07-02,-37325.5,-78.5
2026-07-03,-37325.5,-78.5
2026-07-04,-37325.5,-78.5
2026-07-05,-36925.5,-78.5
2026-07-06,-37014.5,-78.5
2026-07-07,-36699.5,0.0
2026-07-08,-37202.0,0.0
2026-07-09,-36646.5,0.0
2026-07-10,-36246.5,0.0
2026-07-11,-36246.5,0.0
2026-07-12,-36246.5,0.0
2026-07-13,-36319.0,-109.0
2026-07-14,-35570.0,0.0
2026-07-15,-35761.0,-251.0
2026-07-16,-36440.0,-230.5
2026-07-17,-36640.0,-230.5
2026-07-18,-36640.0,-230.5
2026-07-19,-36240.0,-230.5
2026-07-20,-35407.5,0.0
2026-07-21,-35273.5,0.0
2026-07-22,-35372.5,-575.0
2026-07-23,-35339.0,-575.0
2026-07-24,-35249.0,-375.0
2026-07-25,-35249.0,-375.0
2026-07-26,-35459.5,-585.5
2026-07-27,-35258.5,-431.0
2026-07-28,-36136.5,-851.0
2026-07-29,-36598.0,-1108.0
2026-07-30,-36526.5,-1108.0
2026-07-31,-36193.0,-1098.5
2026-08-01,-36193.0,-1098.5
2026-08-02,-36193.0,-1098.5
2026-08-03,-36023.5,-1053.5
2026-08-04,-36231.0,-1261.0
2026-08-05,-35407.5,-1481.0
2026-08-06,-35663.0,-1736.5
2026-08-07,-35921.5,-1795.0
2026-08-08,-35921.5,-1795.0
2026-08-09,-35921.5,-1795.0
2026-08-10,-35826.5,-1679.5
2026-08-11,-35631.0,-1772.0
2026-08-12,-36020.0,-1853.0
2026-08-13,-36114.0,-1944.0
2026-08-14,-35596.0,-1576.5
2026-08-15,-35596.0,-1576.5
2026-08-16,-35596.0,-1576.5
2026-08-17,-35416.5,-1645.0
2026-08-18,-35773.5,-1501.5
2026-08-19,-35571.5,-1501.5
2026-08-20,-35654.0,-1507.0
2026-08-21,-35254.0,-1307.0
2026-08-22,-35254.0,-1307.0
2026-08-23,-35436.0,-1307.0
2026-08-24,-35260.5,-1419.5
2026-08-25,-35423.0,-1349.0
2026-08-26,-35081.0,-1221.5
2026-08-27,-34983.0,-1123.5
2026-08-28,-35237.5,-1110.5
2026-08-29,-35237.5,-1110.5
2026-08-30,-35237.5,-1193.5
2026-08-31,-34483.0,-1039.0
2026-09-01,-35520.5,-1388.5
2026-09-02,-35261.5,-1154.5
2026-09-03,-35530.0,-1256.5
