Trade number,Type,Date and time,Signal,Price USD,Size (qty),Size (value),Net PnL USD,Return %,Commission USD,Favorable excursion USD,Favorable excursion %,Adverse excursion USD,Adverse excursion %,Cumulative PnL USD,Cumulative PnL %,Duration (bars)
1,Exit long,2025-10-06 03:41,P6 Long Exit,25807.5,1,51647.5,-32.5,-0.06,0,4,0.01,-32.5,-0.06,-32.5,-0.03,1
1,Entry long,2025-10-06 03:40,P6L|sig=1759736400000|zone=1759708800000|prox=25825.25|dist=25808.50|rvol=1.1071|room=5.831,25823.75,1,51647.5,-32.5,-0.06,0,4,0.01,-32.5,-0.06,-32.5,-0.03,1
2,Exit short,2025-10-06 08:02,P6 Short Exit,25955.75,1,51883.5,-28,-0.05,0,111,0.21,-28,-0.05,-60.5,-0.06,68
2,Entry short,2025-10-06 06:54,P6S|sig=1759748040000|zone=1759482000000|prox=25940.75|dist=25954.75|rvol=1.1271|room=12.4167,25941.75,1,51883.5,-28,-0.05,0,111,0.21,-28,-0.05,-60.5,-0.06,68
3,Exit long,2025-10-06 15:59,P6 Long Exit,25939,1,51931,-53,-0.10,0,14.5,0.03,-53,-0.10,-113.5,-0.11,16
3,Entry long,2025-10-06 15:43,P6L|sig=1759779780000|zone=1759766400000|prox=25965.75|dist=25940.00|rvol=0.7691|room=NaN,25965.5,1,51931,-53,-0.10,0,14.5,0.03,-53,-0.10,-113.5,-0.11,16
4,Exit long,2025-10-07 11:03,P6 Long Exit,25926.75,1,51888,-34.5,-0.07,0,50.5,0.10,-34.5,-0.07,-148,-0.15,26
4,Entry long,2025-10-07 10:37,P6L|sig=1759847820000|zone=1759831200000|prox=25947.25|dist=25927.75|rvol=0.9869|room=NaN,25944,1,51888,-34.5,-0.07,0,50.5,0.10,-34.5,-0.07,-148,-0.15,26
5,Exit short,2025-10-08 04:20,P6 Short Exit,25853.25,1,51693,-13.5,-0.03,0,18,0.03,-13.5,-0.03,-161.5,-0.16,29
5,Entry short,2025-10-08 03:51,P6S|sig=1759909860000|zone=1759896000000|prox=25844.00|dist=25852.25|rvol=0.8821|room=6.6757,25846.5,1,51693,-13.5,-0.03,0,18,0.03,-13.5,-0.03,-161.5,-0.16,29
6,Exit long,2025-10-08 09:47,P6 Long Exit,25916.5,1,51632.5,200.5,0.39,0,200.5,0.39,-31.5,-0.06,39,0.04,216
6,Entry long,2025-10-08 06:11,P6L|sig=1759918260000|zone=1759903200000|prox=25816.50|dist=25784.00|rvol=1.0989|room=3.903,25816.25,1,51632.5,200.5,0.39,0,200.5,0.39,-31.5,-0.06,39,0.04,216
7,Exit short,2025-10-09 10:31,P6 Short Exit,25994.5,1,52189,200,0.38,0,200,0.38,-9.5,-0.02,239,0.24,296
7,Entry short,2025-10-09 05:35,P6S|sig=1760002500000|zone=1759993200000|prox=26094.50|dist=26107.00|rvol=1.1825|room=4.6852,26094.5,1,52189,200,0.38,0,200,0.38,-9.5,-0.02,239,0.24,296
8,Exit short,2025-10-09 15:38,P6 Short Exit,26033.5,1,52019.5,-47.5,-0.09,0,25,0.05,-47.5,-0.09,191.5,0.19,29
8,Entry short,2025-10-09 15:09,P6S|sig=1760036940000|zone=1760022000000|prox=26008.25|dist=26032.50|rvol=0.9132|room=6.4158,26009.75,1,52019.5,-47.5,-0.09,0,25,0.05,-47.5,-0.09,191.5,0.19,29
9,Exit long,2025-10-10 02:51,P6 Long Exit,26053,1,52145.5,-39.5,-0.08,0,33,0.06,-39.5,-0.08,152,0.15,15
9,Entry long,2025-10-10 02:36,P6L|sig=1760078160000|zone=1760068800000|prox=26075.00|dist=26054.00|rvol=0.8152|room=NaN,26072.75,1,52145.5,-39.5,-0.08,0,33,0.06,-39.5,-0.08,152,0.15,15
10,Exit long,2025-10-10 10:57,P6 Long Exit,26045.25,1,52142.5,-52,-0.10,0,92.5,0.18,-52,-0.10,100,0.10,56
10,Entry long,2025-10-10 10:01,P6L|sig=1760104860000|zone=1760097600000|prox=26080.50|dist=26046.25|rvol=0.9144|room=NaN,26071.25,1,52142.5,-52,-0.10,0,92.5,0.18,-52,-0.10,100,0.10,56
11,Exit long,2025-10-15 01:00,P6 Long Exit,25636.75,1,51072.5,201,0.39,0,201,0.39,-30.5,-0.06,301,0.30,235
11,Entry long,2025-10-14 21:05,P6L|sig=1760490300000|zone=1760482800000|prox=25536.75|dist=25498.25|rvol=1.1182|room=3.1899,25536.25,1,51072.5,201,0.39,0,201,0.39,-30.5,-0.06,301,0.30,235
12,Exit long,2025-10-15 09:38,P6 Long Exit,25694.5,1,51433.5,-44.5,-0.09,0,71.5,0.14,-44.5,-0.09,256.5,0.26,7
12,Entry long,2025-10-15 09:31,P6L|sig=1760535060000|zone=1760526000000|prox=25723.00|dist=25695.50|rvol=1.0159|room=10.2018,25716.75,1,51433.5,-44.5,-0.09,0,71.5,0.14,-44.5,-0.09,256.5,0.26,7
13,Exit long,2025-10-20 04:44,P6 Long Exit,25844,1,51733.5,-45.5,-0.09,0,50.5,0.10,-45.5,-0.09,211,0.21,43
13,Entry long,2025-10-20 04:01,P6L|sig=1760947260000|zone=1760940000000|prox=25870.00|dist=25845.00|rvol=0.9725|room=5.5288,25866.75,1,51733.5,-45.5,-0.09,0,50.5,0.10,-45.5,-0.09,211,0.21,43
14,Exit long,2025-10-29 11:10,P6 Long Exit,27000.25,1,54061,-60.5,-0.11,0,71.5,0.13,-60.5,-0.11,150.5,0.15,62
14,Entry long,2025-10-29 10:08,P6L|sig=1761746880000|zone=1761739200000|prox=27032.50|dist=27001.25|rvol=0.9262|room=NaN,27030.5,1,54061,-60.5,-0.11,0,71.5,0.13,-60.5,-0.11,150.5,0.15,62
15,Exit long,2025-10-30 09:48,P6 Long Exit,26816.25,1,53431.5,201,0.38,0,201,0.38,-33,-0.06,351.5,0.35,10
15,Entry long,2025-10-30 09:38,P6L|sig=1761831480000|zone=1761634800000|prox=26716.25|dist=26700.00|rvol=1.1034|room=15.8551,26715.75,1,53431.5,201,0.38,0,201,0.38,-33,-0.06,351.5,0.35,10
16,Exit short,2025-10-30 14:16,P6 Short Exit,26745.25,1,53691.5,201,0.37,0,201,0.37,-18,-0.03,552.5,0.55,123
16,Entry short,2025-10-30 12:13,P6S|sig=1761840780000|zone=1761829200000|prox=26845.25|dist=26937.25|rvol=1.1511|room=3.922,26845.75,1,53691.5,201,0.37,0,201,0.37,-18,-0.03,552.5,0.55,123
17,Exit long,2025-11-03 10:36,P6 Long Exit,26773.5,1,53598.5,-51.5,-0.10,0,27.5,0.05,-51.5,-0.10,501,0.50,10
17,Entry long,2025-11-03 10:26,P6L|sig=1762183560000|zone=1762153200000|prox=26806.00|dist=26774.50|rvol=0.7847|room=3.5769,26799.25,1,53598.5,-51.5,-0.10,0,27.5,0.05,-51.5,-0.10,501,0.50,10
18,Exit long,2025-11-04 04:51,P6 Long Exit,26467.75,1,52959.5,-24,-0.05,0,61,0.12,-24,-0.05,477,0.48,28
18,Entry long,2025-11-04 04:23,P6L|sig=1762248180000|zone=1761526800000|prox=26480.50|dist=26468.75|rvol=1.1668|room=34.6471,26479.75,1,52959.5,-24,-0.05,0,61,0.12,-24,-0.05,477,0.48,28
19,Exit long,2025-11-04 12:19,P6 Long Exit,26419.75,1,53011.5,-172,-0.32,0,96.5,0.18,-172,-0.32,305,0.31,59
19,Entry long,2025-11-04 11:20,P6L|sig=1762273200000|zone=1762261200000|prox=26512.00|dist=26420.75|rvol=1.0854|room=4.4472,26505.75,1,53011.5,-172,-0.32,0,96.5,0.18,-172,-0.32,305,0.31,59
20,Exit short,2025-11-05 08:28,P6 Short Exit,26310.75,1,52542,-79.5,-0.15,0,28,0.05,-79.5,-0.15,225.5,0.23,67
20,Entry short,2025-11-05 07:21,P6S|sig=1762345260000|zone=1762333200000|prox=26270.50|dist=26309.75|rvol=0.834|room=5.795,26271,1,52542,-79.5,-0.15,0,28,0.05,-79.5,-0.15,225.5,0.23,67
21,Exit short,2025-11-06 04:46,P6 Short Exit,26501.75,1,52956,-47.5,-0.09,0,10,0.02,-47.5,-0.09,178,0.18,33
21,Entry short,2025-11-06 04:13,P6S|sig=1762420380000|zone=1762401600000|prox=26478.00|dist=26500.75|rvol=1.1125|room=8.0842,26478,1,52956,-47.5,-0.09,0,10,0.02,-47.5,-0.09,178,0.18,33
22,Exit short,2025-11-07 03:05,P6 Short Exit,26108.75,1,52151.5,-66,-0.13,0,21.5,0.04,-66,-0.13,112,0.11,146
22,Entry short,2025-11-07 00:39,P6S|sig=1762493940000|zone=1762473600000|prox=26074.50|dist=26107.75|rvol=0.8208|room=6.5912,26075.75,1,52151.5,-66,-0.13,0,21.5,0.04,-66,-0.13,112,0.11,146
23,Exit long,2025-11-10 09:47,P6 Long Exit,26403.75,1,52601.5,206,0.39,0,206,0.39,-43,-0.08,318,0.32,47
23,Entry long,2025-11-10 09:00,P6L|sig=1762783200000|zone=1762776000000|prox=26303.75|dist=26271.00|rvol=0.8494|room=4.0148,26300.75,1,52601.5,206,0.39,0,206,0.39,-43,-0.08,318,0.32,47
24,Exit short,2025-11-11 10:33,P6 Short Exit,26279,1,52758,200,0.38,0,200,0.38,-49.5,-0.09,518,0.52,142
24,Entry short,2025-11-11 08:11,P6S|sig=1762866660000|zone=1762858800000|prox=26379.00|dist=26403.00|rvol=0.9623|room=3.89,26379,1,52758,200,0.38,0,200,0.38,-49.5,-0.09,518,0.52,142
25,Exit short,2025-11-11 21:09,P6 Short Exit,26504.5,1,52986.5,-22.5,-0.04,0,13,0.02,-22.5,-0.04,495.5,0.50,13
25,Entry short,2025-11-11 20:56,P6S|sig=1762912560000|zone=1762830000000|prox=26493.00|dist=26503.50|rvol=0.9153|room=18.3696,26493.25,1,52986.5,-22.5,-0.04,0,13,0.02,-22.5,-0.04,495.5,0.50,13
26,Exit short,2025-11-12 00:37,P6 Short Exit,26494,1,52969.5,-18.5,-0.03,0,20,0.04,-18.5,-0.03,477,0.48,28
26,Entry short,2025-11-12 00:09,P6S|sig=1762924140000|zone=1762916400000|prox=26483.50|dist=26493.00|rvol=0.778|room=19.2143,26484.75,1,52969.5,-18.5,-0.03,0,20,0.04,-18.5,-0.03,477,0.48,28
27,Exit short,2025-11-17 02:14,P6 Short Exit,26045,1,52046.5,-43.5,-0.08,0,74.5,0.14,-43.5,-0.08,433.5,0.43,56
27,Entry short,2025-11-17 01:18,P6S|sig=1763360280000|zone=1763352000000|prox=26023.00|dist=26044.00|rvol=0.8946|room=4.25,26023.25,1,52046.5,-43.5,-0.08,0,74.5,0.14,-43.5,-0.08,433.5,0.43,56
28,Exit long,2025-11-17 05:29,P6 Long Exit,25985,1,52003.5,-33.5,-0.06,0,25,0.05,-33.5,-0.06,400,0.40,11
28,Entry long,2025-11-17 05:18,P6L|sig=1763374680000|zone=1763359200000|prox=26004.25|dist=25986.00|rvol=1.151|room=15.5065,26001.75,1,52003.5,-33.5,-0.06,0,25,0.05,-33.5,-0.06,400,0.40,11
29,Exit short,2025-11-20 04:32,P6 Short Exit,25827,1,51855.5,201.5,0.39,0,201.5,0.39,-29.5,-0.06,601.5,0.60,48
29,Entry short,2025-11-20 03:44,P6S|sig=1763628240000|zone=1763618400000|prox=25927.00|dist=25964.75|rvol=0.9194|room=12.4129,25927.75,1,51855.5,201.5,0.39,0,201.5,0.39,-29.5,-0.06,601.5,0.60,48
30,Exit short,2025-12-02 04:01,P6 Short Exit,26191.25,1,52343.5,-39,-0.07,0,27.5,0.05,-39,-0.07,562.5,0.56,15
30,Entry short,2025-12-02 03:46,P6S|sig=1764665160000|zone=1764640800000|prox=26171.25|dist=26190.25|rvol=0.7514|room=6.575,26171.75,1,52343.5,-39,-0.07,0,27.5,0.05,-39,-0.07,562.5,0.56,15
31,Exit short,2025-12-02 11:12,P6 Short Exit,26324.25,1,52849,200.5,0.38,0,200.5,0.38,-6.5,-0.01,763,0.76,21
31,Entry short,2025-12-02 10:51,P6S|sig=1764690660000|zone=1763020800000|prox=26424.25|dist=26445.00|rvol=0.9375|room=8.1494,26424.5,1,52849,200.5,0.38,0,200.5,0.38,-6.5,-0.01,763,0.76,21
32,Exit long,2025-12-04 10:25,P6 Long Exit,26278.5,1,52635.5,-78.5,-0.15,0,165.5,0.31,-78.5,-0.15,684.5,0.68,51
32,Entry long,2025-12-04 09:34,P6L|sig=1764858840000|zone=1764777600000|prox=26320.50|dist=26279.50|rvol=0.8909|room=4.9702,26317.75,1,52635.5,-78.5,-0.15,0,165.5,0.31,-78.5,-0.15,684.5,0.68,51
33,Exit long,2025-12-05 08:43,P6 Long Exit,26365.25,1,52768,-37.5,-0.07,0,21.5,0.04,-37.5,-0.07,647,0.65,5
33,Entry long,2025-12-05 08:38,P6L|sig=1764941880000|zone=1764889200000|prox=26388.75|dist=26366.25|rvol=0.9266|room=3.6277,26384,1,52768,-37.5,-0.07,0,21.5,0.04,-37.5,-0.07,647,0.65,5
34,Exit short,2025-12-05 09:30,P6 Short Exit,26491.75,1,52958,-25.5,-0.05,0,8.5,0.02,-25.5,-0.05,621.5,0.62,0
34,Entry short,2025-12-05 09:30,P6S|sig=1764945000000|zone=1764932400000|prox=26474.00|dist=26490.75|rvol=0.9108|room=6.338,26479,1,52958,-25.5,-0.05,0,8.5,0.02,-25.5,-0.05,621.5,0.62,0
35,Exit short,2025-12-05 10:00,P6 Short Exit,26571,1,53101.5,-40.5,-0.08,0,53,0.10,-40.5,-0.08,581,0.58,7
35,Entry short,2025-12-05 09:53,P6S|sig=1764946380000|zone=1762952400000|prox=26550.00|dist=26570.00|rvol=0.7844|room=8.9762,26550.75,1,53101.5,-40.5,-0.08,0,53,0.10,-40.5,-0.08,581,0.58,7
36,Exit long,2025-12-09 09:33,P6 Long Exit,26324,1,52698,-50,-0.09,0,95.5,0.18,-50,-0.09,531,0.53,7
36,Entry long,2025-12-09 09:26,P6L|sig=1765290360000|zone=1765220400000|prox=26350.25|dist=26325.00|rvol=0.7571|room=3.7905,26349,1,52698,-50,-0.09,0,95.5,0.18,-50,-0.09,531,0.53,7
37,Exit short,2025-12-16 08:31,P6 Short Exit,25882.75,1,51706.5,-59,-0.11,0,84.5,0.16,-59,-0.11,472,0.47,1
37,Entry short,2025-12-16 08:30,P6S|sig=1765891800000|zone=1765832400000|prox=25842.50|dist=25881.75|rvol=0.989|room=3.236,25853.25,1,51706.5,-59,-0.11,0,84.5,0.16,-59,-0.11,472,0.47,1
38,Exit short,2025-12-16 15:07,P6 Short Exit,25864.75,1,51667,-62.5,-0.12,0,201,0.39,-62.5,-0.12,409.5,0.41,82
38,Entry short,2025-12-16 13:45,P6S|sig=1765910700000|zone=1765900800000|prox=25830.25|dist=25863.75|rvol=1.0859|room=3.4203,25833.5,1,51667,-62.5,-0.12,0,201,0.39,-62.5,-0.12,409.5,0.41,82
39,Exit short,2025-12-18 02:11,P6 Short Exit,25521.25,1,50942,-100.5,-0.20,0,45.5,0.09,-100.5,-0.20,309,0.31,187
39,Entry short,2025-12-17 23:04,P6S|sig=1766030640000|zone=1766023200000|prox=25470.75|dist=25520.25|rvol=1.1212|room=4.1139,25471,1,50942,-100.5,-0.20,0,45.5,0.09,-100.5,-0.20,309,0.31,187
40,Exit short,2025-12-19 10:25,P6 Short Exit,26009,1,52218.5,200.5,0.38,0,200.5,0.38,0,0.00,509.5,0.51,25
40,Entry short,2025-12-19 10:00,P6S|sig=1766156400000|zone=1765803600000|prox=26109.00|dist=26167.75|rvol=0.7696|room=5.5983,26109.25,1,52218.5,200.5,0.38,0,200.5,0.38,0,0.00,509.5,0.51,25
41,Exit short,2026-01-01 23:25,P6 Short Exit,26144,1,52180.5,-107.5,-0.21,0,4,0.01,-107.5,-0.21,402,0.40,122
41,Entry short,2026-01-01 21:23,P6S|sig=1767320580000|zone=1767204000000|prox=26090.00|dist=26143.00|rvol=0.94|room=5.8426,26090.25,1,52180.5,-107.5,-0.21,0,4,0.01,-107.5,-0.21,402,0.40,122
42,Exit short,2026-01-05 03:12,P6 Short Exit,26018.5,1,52009,-28,-0.05,0,5.5,0.01,-28,-0.05,374,0.37,2
42,Entry short,2026-01-05 03:10,P6S|sig=1767600600000|zone=1767592800000|prox=26002.75|dist=26017.50|rvol=0.7865|room=10.8254,26004.5,1,52009,-28,-0.05,0,5.5,0.01,-28,-0.05,374,0.37,2
43,Exit short,2026-01-07 09:46,P6 Short Exit,26377,1,52728.5,-25.5,-0.05,0,36,0.07,-25.5,-0.05,348.5,0.35,5
43,Entry short,2026-01-07 09:41,P6S|sig=1767796860000|zone=1766980800000|prox=26360.75|dist=26376.00|rvol=0.9962|room=5.2462,26364.25,1,52728.5,-25.5,-0.05,0,36,0.07,-25.5,-0.05,348.5,0.35,5
44,Exit short,2026-01-07 10:35,P6 Short Exit,26402.75,1,52763,-42.5,-0.08,0,122.5,0.23,-42.5,-0.08,306,0.31,47
44,Entry short,2026-01-07 09:48,P6S|sig=1767797280000|zone=1766966400000|prox=26379.25|dist=26401.75|rvol=1.0825|room=4.4149,26381.5,1,52763,-42.5,-0.08,0,122.5,0.23,-42.5,-0.08,306,0.31,47
45,Exit short,2026-01-08 02:24,P6 Short Exit,26302.75,1,52582.5,-23,-0.04,0,44.5,0.08,-23,-0.04,283,0.28,1
45,Entry short,2026-01-08 02:23,P6S|sig=1767856980000|zone=1767844800000|prox=26284.75|dist=26301.75|rvol=1.0728|room=5.9583,26291.25,1,52582.5,-23,-0.04,0,44.5,0.08,-23,-0.04,283,0.28,1
46,Exit long,2026-01-13 08:30,P6 Long Exit,26487.5,1,52773.5,201.5,0.38,0,201.5,0.38,-22.5,-0.04,484.5,0.48,567
46,Entry long,2026-01-12 23:03,P6L|sig=1768276980000|zone=1768269600000|prox=26387.50|dist=26369.50|rvol=1.1786|room=20.8553,26386.75,1,52773.5,201.5,0.38,0,201.5,0.38,-22.5,-0.04,484.5,0.48,567
47,Exit long,2026-01-13 10:15,P6 Long Exit,26393.75,1,52813,-25.5,-0.05,0,119,0.23,-25.5,-0.05,459,0.46,13
47,Entry long,2026-01-13 10:02,P6L|sig=1768316520000|zone=1768305600000|prox=26408.75|dist=26394.75|rvol=0.9056|room=25,26406.5,1,52813,-25.5,-0.05,0,119,0.23,-25.5,-0.05,459,0.46,13
48,Exit short,2026-01-14 04:10,P6 Short Exit,26385.25,1,52740.5,-30,-0.06,0,3.5,0.01,-30,-0.06,429,0.43,10
48,Entry short,2026-01-14 04:00,P6S|sig=1768381200000|zone=1768374000000|prox=26369.00|dist=26384.25|rvol=0.9266|room=6.6308,26370.25,1,52740.5,-30,-0.06,0,3.5,0.01,-30,-0.06,429,0.43,10
49,Exit long,2026-01-16 03:40,P6 Long Exit,26309.5,1,52636.5,-17.5,-0.03,0,71,0.13,-17.5,-0.03,411.5,0.41,67
49,Entry long,2026-01-16 02:33,P6L|sig=1768548780000|zone=1768539600000|prox=26318.50|dist=26310.50|rvol=0.8063|room=4.8056,26318.25,1,52636.5,-17.5,-0.03,0,71,0.13,-17.5,-0.03,411.5,0.41,67
50,Exit long,2026-01-26 04:31,P6 Long Exit,26172.25,1,52364.5,-20,-0.04,0,8,0.02,-20,-0.04,391.5,0.39,1
50,Entry long,2026-01-26 04:30,P6L|sig=1769419800000|zone=1769407200000|prox=26183.00|dist=26173.25|rvol=0.8955|room=11.1395,26182.25,1,52364.5,-20,-0.04,0,8,0.02,-20,-0.04,391.5,0.39,1
51,Exit short,2026-01-26 16:00,15:00 CT close,26353.25,1,52805.5,99,0.19,0,108.5,0.21,-14,-0.03,490.5,0.49,51
51,Entry short,2026-01-26 15:09,P6S|sig=1769458140000|zone=1769450400000|prox=26399.25|dist=26441.00|rvol=0.7811|room=5.1988,26402.75,1,52805.5,99,0.19,0,108.5,0.21,-14,-0.03,490.5,0.49,51
52,Exit short,2026-01-27 06:34,P6 Short Exit,26530,1,53022,-38,-0.07,0,22,0.04,-38,-0.07,452.5,0.45,48
52,Entry short,2026-01-27 05:46,P6S|sig=1769510760000|zone=1769497200000|prox=26510.75|dist=26529.00|rvol=0.8644|room=5.3896,26511,1,53022,-38,-0.07,0,22,0.04,-38,-0.07,452.5,0.45,48
53,Exit long,2026-01-27 09:30,P6 Long Exit,26474.25,1,52981.5,-33,-0.06,0,55,0.10,-33,-0.06,419.5,0.42,38
53,Entry long,2026-01-27 08:52,P6L|sig=1769521920000|zone=1769504400000|prox=26491.75|dist=26475.25|rvol=0.79|room=16.6857,26490.75,1,52981.5,-33,-0.06,0,55,0.10,-33,-0.06,419.5,0.42,38
54,Exit short,2026-02-02 12:32,P6 Short Exit,26435,1,52673,-197,-0.37,0,50,0.09,-197,-0.37,222.5,0.22,145
54,Entry short,2026-02-02 10:07,P6S|sig=1770044820000|zone=1769785200000|prox=26335.00|dist=26442.50|rvol=0.9958|room=4.629,26336.5,1,52673,-197,-0.37,0,50,0.09,-197,-0.37,222.5,0.22,145
55,Exit short,2026-02-03 00:49,P6 Short Exit,26500,1,52928,-72,-0.14,0,19.5,0.04,-72,-0.14,150.5,0.15,129
55,Entry short,2026-02-02 22:40,P6S|sig=1770090000000|zone=1770080400000|prox=26460.75|dist=26499.00|rvol=0.7698|room=16,26464,1,52928,-72,-0.14,0,19.5,0.04,-72,-0.14,150.5,0.15,129
56,Exit long,2026-02-03 09:30,P6 Long Exit,26430,1,52923,-63,-0.12,0,28.5,0.05,-63,-0.12,87.5,0.09,24
56,Entry long,2026-02-03 09:06,P6L|sig=1770127560000|zone=1770116400000|prox=26464.00|dist=26431.00|rvol=0.7738|room=4.5956,26461.5,1,52923,-63,-0.12,0,28.5,0.05,-63,-0.12,87.5,0.09,24
57,Exit long,2026-02-03 14:20,P6 Long Exit,25858,1,51508.5,207.5,0.40,0,207.5,0.40,-56,-0.11,295,0.30,21
57,Entry long,2026-02-03 13:59,P6L|sig=1770145140000|zone=1770012000000|prox=25758.00|dist=25688.50|rvol=1.2491|room=12.2305,25754.25,1,51508.5,207.5,0.40,0,207.5,0.40,-56,-0.11,295,0.30,21
58,Exit long,2026-02-05 09:34,P6 Long Exit,25280.25,1,50338,222.5,0.44,0,222.5,0.44,-18,-0.04,517.5,0.52,2
58,Entry long,2026-02-05 09:32,P6L|sig=1770301920000|zone=1763978400000|prox=25180.25|dist=25119.00|rvol=0.9137|room=7.0161,25169,1,50338,222.5,0.44,0,222.5,0.44,-18,-0.04,517.5,0.52,2
59,Exit short,2026-02-09 10:14,P6 Short Exit,25724,1,51352.5,-95.5,-0.19,0,151.5,0.30,-95.5,-0.19,422,0.42,29
59,Entry short,2026-02-09 09:45,P6S|sig=1770648300000|zone=1770624000000|prox=25667.50|dist=25723.00|rvol=0.7594|room=12.9956,25676.25,1,51352.5,-95.5,-0.19,0,151.5,0.30,-95.5,-0.19,422,0.42,29
60,Exit long,2026-02-12 08:40,P6 Long Exit,25909.75,1,51610.5,209,0.40,0,209,0.40,-9,-0.02,631,0.63,425
60,Entry long,2026-02-12 01:35,P6L|sig=1770878100000|zone=1770861600000|prox=25809.75|dist=25777.25|rvol=1.1729|room=4.4403,25805.25,1,51610.5,209,0.40,0,209,0.40,-9,-0.02,631,0.63,425
61,Exit short,2026-02-13 01:25,P6 Short Exit,25195,1,50592,202,0.40,0,202,0.40,-31,-0.06,833,0.83,129
61,Entry short,2026-02-12 23:16,P6S|sig=1770956160000|zone=1770948000000|prox=25295.00|dist=25340.50|rvol=0.9242|room=7.7796,25296,1,50592,202,0.40,0,202,0.40,-31,-0.06,833,0.83,129
62,Exit short,2026-02-13 04:24,P6 Short Exit,25312.5,1,50518.5,-106.5,-0.21,0,153,0.30,-106.5,-0.21,726.5,0.73,127
62,Entry short,2026-02-13 02:17,P6S|sig=1770967020000|zone=1770955200000|prox=25258.50|dist=25311.50|rvol=1.1941|room=6.0231,25259.25,1,50518.5,-106.5,-0.21,0,153,0.30,-106.5,-0.21,726.5,0.73,127
63,Exit short,2026-02-17 14:36,P6 Short Exit,25390.25,1,50743,-37.5,-0.07,0,73,0.14,-37.5,-0.07,689,0.69,41
63,Entry short,2026-02-17 13:55,P6S|sig=1771354500000|zone=1771243200000|prox=25371.50|dist=25389.25|rvol=1.1686|room=23.3733,25371.5,1,50743,-37.5,-0.07,0,73,0.14,-37.5,-0.07,689,0.69,41
64,Exit short,2026-02-19 00:48,P6 Short Exit,25508.75,1,50979.5,-38,-0.07,0,8,0.02,-38,-0.07,651,0.65,18
64,Entry short,2026-02-19 00:30,P6S|sig=1771479000000|zone=1771470000000|prox=25488.00|dist=25507.75|rvol=1.1291|room=9.1807,25489.75,1,50979.5,-38,-0.07,0,8,0.02,-38,-0.07,651,0.65,18
65,Exit short,2026-02-24 07:06,P6 Short Exit,25399.5,1,50769,-30,-0.06,0,33.5,0.07,-30,-0.06,621,0.62,3
65,Entry short,2026-02-24 07:03,P6S|sig=1771934580000|zone=1771905600000|prox=25381.25|dist=25398.50|rvol=0.9589|room=4.589,25384.5,1,50769,-30,-0.06,0,33.5,0.07,-30,-0.06,621,0.62,3
66,Exit long,2026-02-24 09:30,P6 Long Exit,25303.5,1,50680,-73,-0.14,0,19.5,0.04,-73,-0.14,548,0.55,10
66,Entry long,2026-02-24 09:20,P6L|sig=1771942800000|zone=1771934400000|prox=25341.00|dist=25304.50|rvol=0.8258|room=6.4467,25340,1,50680,-73,-0.14,0,19.5,0.04,-73,-0.14,548,0.55,10
67,Exit long,2026-02-24 09:40,P6 Long Exit,25335.75,1,50457,214.5,0.43,0,214.5,0.43,-52.5,-0.10,762.5,0.76,7
67,Entry long,2026-02-24 09:33,P6L|sig=1771943580000|zone=1771873200000|prox=25235.75|dist=25186.75|rvol=1.162|room=6.94,25228.5,1,50457,214.5,0.43,0,214.5,0.43,-52.5,-0.10,762.5,0.76,7
68,Exit short,2026-02-25 06:46,P6 Short Exit,25627.25,1,51222.5,-32,-0.06,0,23,0.04,-32,-0.06,730.5,0.73,11
68,Entry short,2026-02-25 06:35,P6S|sig=1772019300000|zone=1771984800000|prox=25611.00|dist=25626.25|rvol=0.8786|room=3.7231,25611.25,1,51222.5,-32,-0.06,0,23,0.04,-32,-0.06,730.5,0.73,11
69,Exit short,2026-02-25 16:00,15:00 CT close,25892,1,51732.5,-51.5,-0.10,0,186.5,0.36,-77.5,-0.15,679,0.68,360
69,Entry short,2026-02-25 10:00,P6S|sig=1772031600000|zone=1770901200000|prox=25865.00|dist=25928.25|rvol=0.9324|room=4.2724,25866.25,1,51732.5,-51.5,-0.10,0,186.5,0.36,-77.5,-0.15,679,0.68,360
70,Exit long,2026-02-26 09:31,P6 Long Exit,25788.75,1,51604,-26.5,-0.05,0,27,0.05,-26.5,-0.05,652.5,0.65,1
70,Entry long,2026-02-26 09:30,P6L|sig=1772116200000|zone=1772078400000|prox=25809.25|dist=25789.75|rvol=0.9381|room=8.2805,25802,1,51604,-26.5,-0.05,0,27,0.05,-26.5,-0.05,652.5,0.65,1
71,Exit long,2026-02-26 10:15,P6 Long Exit,25572.25,1,51175.5,-31,-0.06,0,19.5,0.04,-31,-0.06,621.5,0.62,1
71,Entry long,2026-02-26 10:14,P6L|sig=1772118840000|zone=1772013600000|prox=25590.50|dist=25573.25|rvol=0.8549|room=13.4247,25587.75,1,51175.5,-31,-0.06,0,19.5,0.04,-31,-0.06,621.5,0.62,1
72,Exit short,2026-02-27 04:18,P6 Short Exit,25603,1,51142.5,-63.5,-0.12,0,49.5,0.10,-63.5,-0.12,558,0.56,116
72,Entry short,2026-02-27 02:22,P6S|sig=1772176920000|zone=1772136000000|prox=25571.25|dist=25602.00|rvol=0.8776|room=3.126,25571.25,1,51142.5,-63.5,-0.12,0,49.5,0.10,-63.5,-0.12,558,0.56,116
73,Exit short,2026-03-02 14:16,P6 Short Exit,25585.75,1,51084,-87.5,-0.17,0,13.5,0.03,-87.5,-0.17,470.5,0.47,6
73,Entry short,2026-03-02 14:10,P6S|sig=1772478600000|zone=1772470800000|prox=25541.50|dist=25584.75|rvol=0.9523|room=5.5141,25542,1,51084,-87.5,-0.17,0,13.5,0.03,-87.5,-0.17,470.5,0.47,6
74,Exit long,2026-03-03 19:18,P6 Long Exit,25279.75,1,50354,205.5,0.41,0,205.5,0.41,0,0.00,676,0.68,72
74,Entry long,2026-03-03 18:06,P6L|sig=1772579160000|zone=1772557200000|prox=25179.75|dist=25110.00|rvol=0.8673|room=4.2473,25177,1,50354,205.5,0.41,0,205.5,0.41,0,0.00,676,0.68,72
75,Exit long,2026-03-12 09:46,P6 Long Exit,25216.5,1,50469,-36,-0.07,0,9,0.02,-36,-0.07,640,0.64,1
75,Entry long,2026-03-12 09:45,P6L|sig=1773323100000|zone=1773288000000|prox=25237.00|dist=25217.50|rvol=0.8018|room=12.1585,25234.5,1,50469,-36,-0.07,0,9,0.02,-36,-0.07,640,0.64,1
76,Exit short,2026-03-13 02:37,P6 Short Exit,25034.25,1,50269,200.5,0.40,0,200.5,0.40,-6.5,-0.01,840.5,0.84,170
76,Entry short,2026-03-12 23:47,P6S|sig=1773373620000|zone=1773363600000|prox=25134.25|dist=25169.50|rvol=1.1071|room=5.6759,25134.5,1,50269,200.5,0.40,0,200.5,0.40,-6.5,-0.01,840.5,0.84,170
77,Exit long,2026-03-13 16:00,15:00 CT close,24906,1,49764,48,0.10,0,198,0.40,-46,-0.09,888.5,0.89,131
77,Entry long,2026-03-13 13:49,P6L|sig=1773424140000|zone=1773061200000|prox=24888.25|dist=24821.50|rvol=1.0658|room=4.4391,24882,1,49764,48,0.10,0,198,0.40,-46,-0.09,888.5,0.89,131
78,Exit long,2026-03-18 15:00,P6 Long Exit,25031.5,1,50113.5,-50.5,-0.10,0,26.5,0.05,-50.5,-0.10,838,0.84,8
78,Entry long,2026-03-18 14:52,P6L|sig=1773859920000|zone=1773734400000|prox=25064.00|dist=25032.50|rvol=1.0034|room=3.4308,25056.75,1,50113.5,-50.5,-0.10,0,26.5,0.05,-50.5,-0.10,838,0.84,8
79,Exit long,2026-03-19 08:02,P6 Long Exit,24792,1,49698,-114,-0.23,0,8,0.02,-114,-0.23,724,0.72,40
79,Entry long,2026-03-19 07:22,P6L|sig=1773919320000|zone=1773907200000|prox=24850.50|dist=24793.00|rvol=1.0389|room=4.906,24849,1,49698,-114,-0.23,0,8,0.02,-114,-0.23,724,0.72,40
80,Exit short,2026-03-19 21:46,P6 Short Exit,24952.25,1,49844,-60.5,-0.12,0,94,0.19,-60.5,-0.12,663.5,0.66,105
80,Entry short,2026-03-19 20:01,P6S|sig=1773964860000|zone=1773957600000|prox=24922.00|dist=24951.25|rvol=0.9805|room=4.1983,24922,1,49844,-60.5,-0.12,0,94,0.19,-60.5,-0.12,663.5,0.66,105
81,Exit long,2026-03-24 22:00,P6 Long Exit,24675,1,49438,-88,-0.18,0,43.5,0.09,-88,-0.18,575.5,0.58,29
81,Entry long,2026-03-24 21:31,P6L|sig=1774402260000|zone=1774393200000|prox=24719.00|dist=24676.00|rvol=0.8787|room=3.9545,24719,1,49438,-88,-0.18,0,43.5,0.09,-88,-0.18,575.5,0.58,29
82,Exit long,2026-03-25 08:23,P6 Long Exit,24718.25,1,49479,-42.5,-0.09,0,38,0.08,-42.5,-0.09,533,0.53,7
82,Entry long,2026-03-25 08:16,P6L|sig=1774440960000|zone=1774432800000|prox=24747.25|dist=24719.25|rvol=1.0035|room=5.0259,24739.5,1,49479,-42.5,-0.09,0,38,0.08,-42.5,-0.09,533,0.53,7
83,Exit short,2026-03-26 09:51,P6 Short Exit,24496.25,1,48898.5,-94,-0.19,0,181,0.37,-94,-0.19,439,0.44,34
83,Entry short,2026-03-26 09:17,P6S|sig=1774531020000|zone=1774519200000|prox=24448.25|dist=24495.25|rvol=0.9112|room=3.7917,24449.25,1,48898.5,-94,-0.19,0,181,0.37,-94,-0.19,439,0.44,34
84,Exit long,2026-03-26 15:31,P6 Long Exit,24107.5,1,48350,-135,-0.28,0,37.5,0.08,-135,-0.28,304,0.30,101
84,Entry long,2026-03-26 13:50,P6L|sig=1774547400000|zone=1774260000000|prox=24176.00|dist=24108.50|rvol=1.1782|room=7.8686,24175,1,48350,-135,-0.28,0,37.5,0.08,-135,-0.28,304,0.30,101
85,Exit short,2026-03-27 00:55,P6 Short Exit,24203.5,1,48327.5,-79.5,-0.16,0,63.5,0.13,-79.5,-0.16,224.5,0.22,204
85,Entry short,2026-03-26 21:31,P6S|sig=1774575060000|zone=1774566000000|prox=24162.00|dist=24202.50|rvol=0.8864|room=NaN,24163.75,1,48327.5,-79.5,-0.16,0,63.5,0.13,-79.5,-0.16,224.5,0.22,204
86,Exit short,2026-03-27 09:35,P6 Short Exit,23842.5,1,47897.5,212.5,0.44,0,212.5,0.44,-16.5,-0.03,437,0.44,10
86,Entry short,2026-03-27 09:25,P6S|sig=1774617900000|zone=1774609200000|prox=23942.50|dist=23982.00|rvol=1.1026|room=NaN,23948.75,1,47897.5,212.5,0.44,0,212.5,0.44,-16.5,-0.03,437,0.44,10
87,Exit short,2026-03-29 20:20,P6 Short Exit,23535.75,1,47005.5,-66,-0.14,0,10,0.02,-66,-0.14,371,0.37,1
87,Entry short,2026-03-29 20:19,P6S|sig=1774829940000|zone=1774821600000|prox=23484.25|dist=23534.75|rvol=1.0078|room=NaN,23502.75,1,47005.5,-66,-0.14,0,10,0.02,-66,-0.14,371,0.37,1
88,Exit short,2026-04-07 15:45,P6 Short Exit,24593,1,48996.5,-189.5,-0.39,0,62.5,0.13,-189.5,-0.39,181.5,0.18,27
88,Entry short,2026-04-07 15:18,P6S|sig=1775589480000|zone=1775581200000|prox=24494.75|dist=24592.00|rvol=1.1254|room=9.0763,24498.25,1,48996.5,-189.5,-0.39,0,62.5,0.13,-189.5,-0.39,181.5,0.18,27
89,Exit long,2026-04-08 09:51,P6 Long Exit,25378,1,50804,-48,-0.09,0,104,0.20,-48,-0.09,133.5,0.13,11
89,Entry long,2026-04-08 09:40,P6L|sig=1775655600000|zone=1775617200000|prox=25404.00|dist=25379.00|rvol=1.155|room=3.1635,25402,1,50804,-48,-0.09,0,104,0.20,-48,-0.09,133.5,0.13,11
90,Exit short,2026-04-09 12:03,P6 Short Exit,25551,1,51008.5,-93.5,-0.18,0,5.5,0.01,-93.5,-0.18,40,0.04,2
90,Entry short,2026-04-09 12:01,P6S|sig=1775750460000|zone=1775649600000|prox=25502.50|dist=25550.00|rvol=1.0214|room=4.6134,25504.25,1,51008.5,-93.5,-0.18,0,5.5,0.01,-93.5,-0.18,40,0.04,2
91,Exit long,2026-04-13 09:04,P6 Long Exit,25473.75,1,50747.5,200,0.39,0,200,0.39,-15.5,-0.03,240,0.24,63
91,Entry long,2026-04-13 08:01,P6L|sig=1776081660000|zone=1776056400000|prox=25373.75|dist=25351.75|rvol=1.2243|room=4.8913,25373.75,1,50747.5,200,0.39,0,200,0.39,-15.5,-0.03,240,0.24,63
92,Exit short,2026-04-16 12:00,P6 Short Exit,26836,1,53660,-12,-0.02,0,132,0.25,-12,-0.02,228,0.23,23
92,Entry short,2026-04-16 11:37,P6S|sig=1776353820000|zone=1769598000000|prox=26825.50|dist=26835.00|rvol=0.9835|room=50.9048,26830,1,53660,-12,-0.02,0,132,0.25,-12,-0.02,228,0.23,23
93,Exit short,2026-04-17 11:31,P6 Short Exit,27158.25,1,54239.5,-77,-0.14,0,50,0.09,-77,-0.14,151,0.15,51
93,Entry short,2026-04-17 10:40,P6S|sig=1776436800000|zone=1761793200000|prox=27114.50|dist=27157.25|rvol=0.7603|room=6.5143,27119.75,1,54239.5,-77,-0.14,0,50,0.09,-77,-0.14,151,0.15,51
94,Exit long,2026-04-17 16:00,15:00 CT close,27120.25,1,54057.5,183,0.34,0,192,0.36,0,0.00,334,0.33,156
94,Entry long,2026-04-17 13:24,P6L|sig=1776446640000|zone=1776430800000|prox=27034.00|dist=26922.25|rvol=0.9498|room=NaN,27028.75,1,54057.5,183,0.34,0,192,0.36,0,0.00,334,0.33,156
95,Exit long,2026-04-19 18:03,P6 Long Exit,26929.5,1,53655,204,0.38,0,204,0.38,0,0.00,538,0.54,3
95,Entry long,2026-04-19 18:00,P6L|sig=1776636000000|zone=1776420000000|prox=26829.50|dist=26796.75|rvol=0.9239|room=NaN,26827.5,1,53655,204,0.38,0,204,0.38,0,0.00,538,0.54,3
96,Exit long,2026-04-20 01:44,P6 Long Exit,26907.75,1,53901,-85.5,-0.16,0,47.5,0.09,-85.5,-0.16,452.5,0.45,68
96,Entry long,2026-04-20 00:36,P6L|sig=1776659760000|zone=1776643200000|prox=26951.00|dist=26908.75|rvol=0.7962|room=NaN,26950.5,1,53901,-85.5,-0.16,0,47.5,0.09,-85.5,-0.16,452.5,0.45,68
97,Exit long,2026-04-22 15:54,P6 Long Exit,27373.5,1,54541,206,0.38,0,206,0.38,0,0.00,658.5,0.66,53
97,Entry long,2026-04-22 15:01,P6L|sig=1776884460000|zone=1776873600000|prox=27273.50|dist=27250.75|rvol=0.8512|room=NaN,27270.5,1,54541,206,0.38,0,206,0.38,0,0.00,658.5,0.66,53
98,Exit short,2026-04-23 07:47,P6 Short Exit,27307.75,1,54569,-46.5,-0.09,0,99.5,0.18,-46.5,-0.09,612,0.61,39
98,Entry short,2026-04-23 07:08,P6S|sig=1776942480000|zone=1776927600000|prox=27283.75|dist=27306.75|rvol=0.7913|room=6.5521,27284.5,1,54569,-46.5,-0.09,0,99.5,0.18,-46.5,-0.09,612,0.61,39
99,Exit long,2026-04-24 05:22,P6 Long Exit,27357.75,1,54753.5,-38,-0.07,0,140,0.26,-38,-0.07,574,0.57,79
99,Entry long,2026-04-24 04:03,P6L|sig=1777017780000|zone=1777010400000|prox=27379.00|dist=27358.75|rvol=0.9975|room=NaN,27376.75,1,54753.5,-38,-0.07,0,140,0.26,-38,-0.07,574,0.57,79
100,Exit short,2026-04-29 06:22,P6 Short Exit,27564.75,1,55063,-66.5,-0.12,0,29,0.05,-66.5,-0.12,507.5,0.51,19
100,Entry short,2026-04-29 06:03,P6S|sig=1777456980000|zone=1777449600000|prox=27531.25|dist=27563.75|rvol=1.0751|room=4.709,27531.5,1,55063,-66.5,-0.12,0,29,0.05,-66.5,-0.12,507.5,0.51,19
101,Exit long,2026-04-29 08:30,P6 Long Exit,27503.25,1,55068,-61.5,-0.11,0,41.5,0.08,-61.5,-0.11,446,0.45,47
101,Entry long,2026-04-29 07:43,P6L|sig=1777462980000|zone=1777453200000|prox=27534.50|dist=27504.25|rvol=1.2415|room=3.08,27534,1,55068,-61.5,-0.11,0,41.5,0.08,-61.5,-0.11,446,0.45,47
102,Exit short,2026-05-01 09:31,P6 Short Exit,27967.5,1,55881.5,-53.5,-0.10,0,66,0.12,-53.5,-0.10,392.5,0.39,1
102,Entry short,2026-05-01 09:30,P6S|sig=1777642200000|zone=1777604400000|prox=27934.75|dist=27966.50|rvol=1.0273|room=7.7481,27940.75,1,55881.5,-53.5,-0.10,0,66,0.12,-53.5,-0.10,392.5,0.39,1
103,Exit long,2026-05-07 03:08,P6 Long Exit,29062.75,1,57912,213.5,0.37,0,213.5,0.37,-22,-0.04,606,0.61,296
103,Entry long,2026-05-06 22:12,P6L|sig=1778119920000|zone=1778112000000|prox=28962.75|dist=28930.25|rvol=0.9222|room=NaN,28956,1,57912,213.5,0.37,0,213.5,0.37,-22,-0.04,606,0.61,296
104,Exit long,2026-05-11 09:32,P6 Long Exit,29697,1,59190.5,203.5,0.34,0,203.5,0.34,-87,-0.15,809.5,0.81,563
104,Entry long,2026-05-11 00:09,P6L|sig=1778472540000|zone=1778457600000|prox=29597.00|dist=29543.25|rvol=0.9382|room=NaN,29595.25,1,59190.5,203.5,0.34,0,203.5,0.34,-87,-0.15,809.5,0.81,563
105,Exit short,2026-05-12 08:30,P6 Short Exit,29406.75,1,59019.5,206,0.35,0,206,0.35,0,0.00,1015.5,1.02,90
105,Entry short,2026-05-12 07:00,P6S|sig=1778583600000|zone=1778576400000|prox=29506.75|dist=29541.00|rvol=1.1468|room=10.7234,29509.75,1,59019.5,206,0.35,0,206,0.35,0,0.00,1015.5,1.02,90
106,Exit short,2026-05-13 12:24,P6 Short Exit,29720,1,59433,-7,-0.01,0,3.5,0.01,-7,-0.01,1008.5,1.01,0
106,Entry short,2026-05-13 12:24,P6S|sig=1778689440000|zone=1778662800000|prox=29705.25|dist=29719.00|rvol=1.0124|room=11.9153,29716.5,1,59433,-7,-0.01,0,3.5,0.01,-7,-0.01,1008.5,1.01,0
107,Exit short,2026-05-14 05:37,P6 Short Exit,29796.25,1,59797.5,205,0.34,0,205,0.34,-46.5,-0.08,1213.5,1.21,82
107,Entry short,2026-05-14 04:15,P6S|sig=1778746500000|zone=1778738400000|prox=29896.25|dist=29933.00|rvol=0.8954|room=4.1192,29898.75,1,59797.5,205,0.34,0,205,0.34,-46.5,-0.08,1213.5,1.21,82
108,Exit short,2026-05-14 16:00,15:00 CT close,29979.5,1,60045.5,86.5,0.14,0,103,0.17,-10,-0.02,1300,1.30,59
108,Entry short,2026-05-14 15:01,P6S|sig=1778785260000|zone=1778778000000|prox=30020.50|dist=30048.25|rvol=1.1209|room=9.7304,30022.75,1,60045.5,86.5,0.14,0,103,0.17,-10,-0.02,1300,1.30,59
109,Exit long,2026-05-18 07:36,P6 Long Exit,29443.25,1,58685.5,201,0.34,0,201,0.34,0,0.00,1501,1.50,26
109,Entry long,2026-05-18 07:10,P6L|sig=1779102600000|zone=1779080400000|prox=29343.25|dist=29282.75|rvol=1.0248|room=7.9106,29342.75,1,58685.5,201,0.34,0,201,0.34,0,0.00,1501,1.50,26
110,Exit short,2026-05-20 02:19,P6 Short Exit,29310.75,1,58467,-154.5,-0.26,0,140,0.24,-154.5,-0.26,1346.5,1.35,125
110,Entry short,2026-05-20 00:14,P6S|sig=1779250440000|zone=1779238800000|prox=29231.25|dist=29309.75|rvol=1.1509|room=3.0472,29233.5,1,58467,-154.5,-0.26,0,140,0.24,-154.5,-0.26,1346.5,1.35,125
111,Exit long,2026-05-20 09:44,P6 Long Exit,29431.75,1,58654.5,209,0.36,0,209,0.36,-23.5,-0.04,1555.5,1.56,8
111,Entry long,2026-05-20 09:36,P6L|sig=1779284160000|zone=1779260400000|prox=29331.75|dist=29307.00|rvol=0.9819|room=5.8835,29327.25,1,58654.5,209,0.36,0,209,0.36,-23.5,-0.04,1555.5,1.56,8
112,Exit short,2026-05-22 04:02,P6 Short Exit,29900.5,1,59734.5,-66.5,-0.11,0,92.5,0.15,-66.5,-0.11,1489,1.49,106
112,Entry short,2026-05-22 02:16,P6S|sig=1779430560000|zone=1779422400000|prox=29865.25|dist=29899.50|rvol=1.1626|room=5.4326,29867.25,1,59734.5,-66.5,-0.11,0,92.5,0.15,-66.5,-0.11,1489,1.49,106
113,Exit long,2026-05-27 09:38,P6 Long Exit,30347.25,1,60790,-95.5,-0.16,0,13,0.02,-95.5,-0.16,1393.5,1.39,2
113,Entry long,2026-05-27 09:36,P6L|sig=1779888960000|zone=1779861600000|prox=30396.25|dist=30348.25|rvol=1.2169|room=NaN,30395,1,60790,-95.5,-0.16,0,13,0.02,-95.5,-0.16,1393.5,1.39,2
114,Exit long,2026-05-27 14:26,P6 Long Exit,30333.5,1,60448,219,0.36,0,219,0.36,-72.5,-0.12,1612.5,1.61,79
114,Entry long,2026-05-27 13:07,P6L|sig=1779901620000|zone=1779894000000|prox=30233.50|dist=30170.00|rvol=1.0479|room=NaN,30224,1,60448,219,0.36,0,219,0.36,-72.5,-0.12,1612.5,1.61,79
115,Exit long,2026-05-27 20:58,P6 Long Exit,30382.25,1,60563.5,201,0.33,0,201,0.33,-53,-0.09,1813.5,1.81,73
115,Entry long,2026-05-27 19:45,P6L|sig=1779925500000|zone=1779901200000|prox=30282.25|dist=30187.75|rvol=0.8398|room=NaN,30281.75,1,60563.5,201,0.33,0,201,0.33,-53,-0.09,1813.5,1.81,73
116,Exit short,2026-05-28 09:01,P6 Short Exit,30374.5,1,60734,-15,-0.02,0,4.5,0.01,-15,-0.02,1798.5,1.80,1
116,Entry short,2026-05-28 09:00,P6S|sig=1779973200000|zone=1779930000000|prox=30363.75|dist=30373.50|rvol=0.9923|room=24.0698,30367,1,60734,-15,-0.02,0,4.5,0.01,-15,-0.02,1798.5,1.80,1