session,year,confirm_brackets,direction,side,prior_val,prior_vah,va_width,open,trigger_bracket,entry_time,entry,target,stop,distance_points,distance_rel,traversed,traversed_bars,traversed_before_trigger,outcome,exit_price,gross_points,net_points,net_dollars
2019-06-11,2019,2,short,-1,10950.0,10996.0,46.0,11032.25,4,2019-06-11 15:59:00+00:00,10966.25,10950.0,11001.0,16.25,0.3532608695652174,True,4.0,False,target,10950.0,16.25,14.5,29.0
2019-07-22,2019,2,long,1,11316.0,11392.0,76.0,11295.75,7,2019-07-22 17:29:00+00:00,11326.25,11392.0,11311.0,65.75,0.8651315789473685,False,,False,session_close,11339.5,13.25,11.5,23.0
2019-07-30,2019,2,long,1,11390.0,11422.0,32.0,11358.25,10,2019-07-30 18:59:00+00:00,11395.5,11422.0,11385.0,26.5,0.828125,False,,False,stop,11385.0,-10.5,-12.25,-24.5
2019-08-28,2019,2,long,1,10970.0,11022.0,52.0,10959.75,4,2019-08-28 15:59:00+00:00,11009.25,11022.0,10965.0,12.75,0.24519230769230768,True,200.0,False,target,11022.0,12.75,11.0,22.0
2019-09-06,2019,2,short,-1,11264.0,11290.0,26.0,11292.25,5,2019-09-06 16:29:00+00:00,11280.25,11264.0,11295.0,16.25,0.625,True,21.0,True,target,11264.0,16.25,14.5,29.0
2019-09-26,2019,2,short,-1,11084.0,11178.0,94.0,11207.0,4,2019-09-26 15:59:00+00:00,11145.75,11084.0,11183.0,61.75,0.6569148936170213,False,,False,stop,11183.0,-37.25,-39.0,-78.0
2019-10-16,2019,2,long,1,11320.0,11364.0,44.0,11319.5,3,2019-10-16 15:29:00+00:00,11325.25,11364.0,11315.0,38.75,0.8806818181818182,False,,False,stop,11315.0,-10.25,-12.0,-24.0
2019-11-11,2019,2,long,1,11615.0,11643.0,28.0,11612.25,2,2019-11-11 15:59:00+00:00,11626.5,11643.0,11610.0,16.5,0.5892857142857143,True,156.0,False,target,11643.0,16.5,14.75,29.5
2019-11-13,2019,2,long,1,11657.0,11689.0,32.0,11636.75,6,2019-11-13 17:59:00+00:00,11670.5,11689.0,11652.0,18.5,0.578125,False,,False,stop,11652.0,-18.5,-20.25,-40.5
2019-11-22,2019,2,short,-1,11652.0,11674.0,22.0,11685.75,7,2019-11-22 18:29:00+00:00,11664.75,11652.0,11679.0,12.75,0.5795454545454546,False,,True,session_close,11671.0,-6.25,-8.0,-16.0
2019-12-31,2019,2,long,1,12076.0,12116.0,40.0,12074.0,6,2019-12-31 17:59:00+00:00,12086.75,12116.0,12071.0,29.25,0.73125,True,175.0,False,target,12116.0,29.25,27.5,55.0
2020-01-03,2020,2,long,1,12176.0,12214.0,38.0,12137.0,10,2020-01-03 19:59:00+00:00,12205.75,12214.0,12171.0,8.25,0.21710526315789475,True,4.0,True,target,12214.0,8.25,6.5,13.0
2020-01-06,2020,2,long,1,12181.0,12215.0,34.0,12104.0,4,2020-01-06 16:59:00+00:00,12188.0,12215.0,12176.0,27.0,0.7941176470588235,True,221.0,False,target,12215.0,27.0,25.25,50.5
2020-01-29,2020,2,short,-1,12420.0,12484.0,64.0,12514.0,2,2020-01-29 15:59:00+00:00,12479.5,12420.0,12489.0,59.5,0.9296875,False,,False,stop,12489.0,-9.5,-11.25,-22.5
2020-04-02,2020,2,long,1,10882.0,11028.0,146.0,10812.0,3,2020-04-02 15:29:00+00:00,10924.25,11028.0,10877.0,103.75,0.7106164383561644,False,,False,stop,10877.0,-47.25,-49.0,-98.0
2020-04-30,2020,2,short,-1,12286.0,12374.0,88.0,12396.0,5,2020-04-30 16:29:00+00:00,12301.75,12286.0,12379.0,15.75,0.17897727272727273,True,1.0,False,target,12286.0,15.75,14.0,28.0
2020-05-04,2020,2,long,1,12054.0,12182.0,128.0,12050.5,2,2020-05-04 14:59:00+00:00,12111.75,12182.0,12049.0,70.25,0.548828125,True,262.0,False,target,12182.0,70.25,68.5,137.0
2020-05-22,2020,2,long,1,12754.0,12808.0,54.0,12738.25,8,2020-05-22 17:59:00+00:00,12777.5,12808.0,12749.0,30.5,0.5648148148148148,False,,False,session_close,12786.0,8.5,6.75,13.5
2020-06-02,2020,2,short,-1,12934.0,12980.0,46.0,12984.25,7,2020-06-02 17:29:00+00:00,12975.25,12934.0,12985.0,41.25,0.8967391304347826,False,,True,stop,12985.0,-9.75,-11.5,-23.0
2020-06-15,2020,2,long,1,12938.0,13098.0,160.0,12902.75,4,2020-06-15 15:59:00+00:00,13004.0,13098.0,12933.0,94.0,0.5875,True,121.0,False,target,13098.0,94.0,92.25,184.5
2020-06-18,2020,2,long,1,13352.0,13414.0,62.0,13350.25,4,2020-06-18 15:59:00+00:00,13360.25,13414.0,13347.0,53.75,0.8669354838709677,False,,False,stop,13347.0,-13.25,-15.0,-30.0
2020-06-29,2020,2,long,1,13256.0,13346.0,90.0,13231.75,5,2020-06-29 16:29:00+00:00,13313.0,13346.0,13251.0,33.0,0.36666666666666664,True,210.0,False,target,13346.0,33.0,31.25,62.5
2020-07-08,2020,2,long,1,13982.0,14084.0,102.0,13968.25,2,2020-07-08 14:59:00+00:00,14023.25,14084.0,13977.0,60.75,0.5955882352941176,False,,False,stop,13977.0,-46.25,-48.0,-96.0
2020-07-17,2020,2,short,-1,13931.0,14019.0,88.0,14037.75,2,2020-07-17 14:59:00+00:00,13987.75,13931.0,14024.0,56.75,0.6448863636363636,False,,False,stop,14024.0,-36.25,-38.0,-76.0
2020-07-21,2020,2,short,-1,14138.0,14358.0,220.0,14396.0,2,2020-07-21 14:59:00+00:00,14293.25,14138.0,14363.0,155.25,0.7056818181818182,False,,False,session_close,14218.25,75.0,73.25,146.5
2020-08-20,2020,2,long,1,14746.0,14826.0,80.0,14679.0,3,2020-08-20 15:29:00+00:00,14792.25,14826.0,14741.0,33.75,0.421875,True,168.0,False,target,14826.0,33.75,32.0,64.0
2020-09-21,2020,2,long,1,14188.0,14392.0,204.0,14172.5,6,2020-09-21 16:59:00+00:00,14225.5,14392.0,14183.0,166.5,0.8161764705882353,False,,False,stop,14183.0,-42.5,-44.25,-88.5
2020-09-23,2020,2,short,-1,14359.0,14489.0,130.0,14567.5,5,2020-09-23 16:29:00+00:00,14416.75,14359.0,14494.0,57.75,0.4442307692307692,True,91.0,False,target,14359.0,57.75,56.0,112.0
2020-09-24,2020,2,long,1,14320.0,14576.0,256.0,14134.0,8,2020-09-24 17:59:00+00:00,14376.5,14576.0,14315.0,199.5,0.779296875,False,,False,stop,14315.0,-61.5,-63.25,-126.5
2020-10-20,2020,2,long,1,15132.0,15302.0,170.0,15081.0,9,2020-10-20 18:29:00+00:00,15162.25,15302.0,15127.0,139.75,0.8220588235294117,False,,False,stop,15127.0,-35.25,-37.0,-74.0
2020-11-02,2020,2,short,-1,14375.0,14495.0,120.0,14554.5,7,2020-11-02 18:29:00+00:00,14413.0,14375.0,14500.0,38.0,0.31666666666666665,True,22.0,False,target,14375.0,38.0,36.25,72.5
2020-11-18,2020,2,long,1,15400.0,15450.0,50.0,15373.75,6,2020-11-18 17:59:00+00:00,15422.5,15450.0,15395.0,27.5,0.55,False,,False,stop,15395.0,-27.5,-29.25,-58.5
2020-11-19,2020,2,long,1,15352.0,15416.0,64.0,15284.5,10,2020-11-19 19:59:00+00:00,15406.75,15416.0,15347.0,9.25,0.14453125,False,,False,session_close,15395.75,-11.0,-12.75,-25.5
2020-12-02,2020,2,long,1,15815.0,15911.0,96.0,15804.75,4,2020-12-02 16:59:00+00:00,15872.0,15911.0,15810.0,39.0,0.40625,False,,False,session_close,15872.0,0.0,-1.75,-3.5
2020-12-09,2020,2,short,-1,15930.0,16032.0,102.0,16045.75,4,2020-12-09 16:59:00+00:00,16004.75,15930.0,16037.0,74.75,0.7328431372549019,True,38.0,False,target,15930.0,74.75,73.0,146.0
2020-12-10,2020,2,long,1,15792.0,16056.0,264.0,15679.25,3,2020-12-10 16:29:00+00:00,15850.0,16056.0,15787.0,206.0,0.7803030303030303,False,,False,stop,15787.0,-63.0,-64.75,-129.5
2020-12-21,2020,2,long,1,16074.0,16138.0,64.0,15994.0,9,2020-12-21 19:29:00+00:00,16101.25,16138.0,16069.0,36.75,0.57421875,False,,False,stop,16069.0,-32.25,-34.0,-68.0
2020-12-22,2020,2,short,-1,15963.0,16111.0,148.0,16131.5,5,2020-12-22 17:29:00+00:00,16073.5,15963.0,16116.0,110.5,0.7466216216216216,False,,False,stop,16116.0,-42.5,-44.25,-88.5
2020-12-30,2020,2,short,-1,16237.0,16281.0,44.0,16309.25,7,2020-12-30 18:29:00+00:00,16274.0,16237.0,16286.0,37.0,0.8409090909090909,True,108.0,True,target,16237.0,37.0,35.25,70.5
2021-01-28,2021,2,long,1,16617.0,16779.0,162.0,16567.5,4,2021-01-28 16:59:00+00:00,16720.25,16779.0,16612.0,58.75,0.3626543209876543,True,33.0,False,target,16779.0,58.75,57.0,114.0
2021-02-03,2021,2,short,-1,16822.0,16900.0,78.0,16943.75,4,2021-02-03 16:59:00+00:00,16882.75,16822.0,16905.0,60.75,0.7788461538461539,True,210.0,True,stop,16905.0,-22.25,-24.0,-48.0
2021-02-18,2021,2,long,1,17019.0,17101.0,82.0,16956.25,11,2021-02-18 20:29:00+00:00,17065.5,17101.0,17014.0,35.5,0.4329268292682927,False,,False,session_close,17050.5,-15.0,-16.75,-33.5
2021-03-02,2021,2,short,-1,16563.0,16699.0,136.0,16710.0,7,2021-03-02 18:29:00+00:00,16597.0,16563.0,16704.0,34.0,0.25,True,43.0,True,target,16563.0,34.0,32.25,64.5
2021-03-08,2021,2,short,-1,15729.0,16005.0,276.0,16048.0,6,2021-03-08 17:59:00+00:00,15936.25,15729.0,16010.0,207.25,0.7509057971014492,True,176.0,False,target,15729.0,207.25,205.5,411.0
2021-03-10,2021,2,short,-1,16136.0,16276.0,140.0,16380.25,3,2021-03-10 16:29:00+00:00,16250.5,16136.0,16281.0,114.5,0.8178571428571428,True,139.0,False,target,16136.0,114.5,112.75,225.5
2021-04-07,2021,2,long,1,16984.0,17042.0,58.0,16975.25,5,2021-04-07 16:29:00+00:00,16989.25,17042.0,16979.0,52.75,0.9094827586206896,True,98.0,True,target,17042.0,52.75,51.0,102.0
2021-04-16,2021,2,short,-1,17389.0,17441.0,52.0,17461.25,3,2021-04-16 15:29:00+00:00,17413.25,17389.0,17446.0,24.25,0.46634615384615385,False,,True,stop,17446.0,-32.75,-34.5,-69.0
2021-04-30,2021,2,long,1,17290.0,17398.0,108.0,17275.0,2,2021-04-30 14:59:00+00:00,17321.25,17398.0,17285.0,76.75,0.7106481481481481,False,,False,stop,17285.0,-36.25,-38.0,-76.0
2021-05-21,2021,2,short,-1,16843.0,16945.0,102.0,16974.5,3,2021-05-21 15:29:00+00:00,16862.0,16843.0,16950.0,19.0,0.18627450980392157,True,26.0,False,target,16843.0,19.0,17.25,34.5
2021-05-25,2021,2,short,-1,17031.0,17109.0,78.0,17123.5,2,2021-05-25 14:59:00+00:00,17102.5,17031.0,17114.0,71.5,0.9166666666666666,True,34.0,False,target,17031.0,71.5,69.75,139.5
2021-06-15,2021,2,short,-1,17418.0,17490.0,72.0,17535.5,7,2021-06-15 17:29:00+00:00,17456.0,17418.0,17495.0,38.0,0.5277777777777778,False,,False,session_close,17452.75,3.25,1.5,3.0
2021-07-14,2021,2,short,-1,18274.0,18376.0,102.0,18394.75,5,2021-07-14 16:29:00+00:00,18349.5,18274.0,18381.0,75.5,0.7401960784313726,False,,False,session_close,18320.0,29.5,27.75,55.5
2021-07-16,2021,2,short,-1,18164.0,18254.0,90.0,18255.0,2,2021-07-16 14:59:00+00:00,18189.0,18164.0,18259.0,25.0,0.2777777777777778,True,5.0,False,target,18164.0,25.0,23.25,46.5
2021-09-03,2021,2,long,1,19014.0,19082.0,68.0,18981.25,3,2021-09-03 15:29:00+00:00,19068.5,19082.0,19009.0,13.5,0.19852941176470587,True,94.0,True,target,19082.0,13.5,11.75,23.5
2021-09-09,2021,2,short,-1,18978.0,19050.0,72.0,19055.75,9,2021-09-09 18:29:00+00:00,19013.5,18978.0,19055.0,35.5,0.4930555555555556,False,,False,session_close,18989.75,23.75,22.0,44.0
2021-09-14,2021,2,short,-1,18798.0,18868.0,70.0,18928.25,8,2021-09-14 17:59:00+00:00,18856.5,18798.0,18873.0,58.5,0.8357142857142857,True,35.0,False,target,18798.0,58.5,56.75,113.5
2021-09-16,2021,2,short,-1,18754.0,18874.0,120.0,18876.75,2,2021-09-16 14:59:00+00:00,18821.75,18754.0,18879.0,67.75,0.5645833333333333,False,,False,stop,18879.0,-57.25,-59.0,-118.0
2021-09-21,2021,2,short,-1,18318.0,18512.0,194.0,18516.75,8,2021-09-21 17:59:00+00:00,18454.75,18318.0,18517.0,136.75,0.7048969072164949,False,,False,stop,18517.0,-62.25,-64.0,-128.0
2021-10-01,2021,2,long,1,18162.0,18268.0,106.0,18144.75,11,2021-10-01 19:29:00+00:00,18215.5,18268.0,18157.0,52.5,0.49528301886792453,False,,False,session_close,18205.75,-9.75,-11.5,-23.0
2021-10-06,2021,2,long,1,18070.0,18190.0,120.0,17956.75,9,2021-10-06 18:29:00+00:00,18174.25,18190.0,18065.0,15.75,0.13125,True,87.0,False,target,18190.0,15.75,14.0,28.0
2021-10-20,2021,2,short,-1,18782.0,18834.0,52.0,18854.0,10,2021-10-20 18:59:00+00:00,18807.75,18782.0,18839.0,25.75,0.4951923076923077,False,,True,session_close,18817.75,-10.0,-11.75,-23.5
2021-11-01,2021,2,short,-1,19133.0,19281.0,148.0,19293.0,2,2021-11-01 14:59:00+00:00,19243.0,19133.0,19286.0,110.0,0.7432432432432432,False,,False,stop,19286.0,-43.0,-44.75,-89.5
2021-11-15,2021,2,short,-1,19508.0,19648.0,140.0,19676.0,3,2021-11-15 16:29:00+00:00,19598.0,19508.0,19653.0,90.0,0.6428571428571429,False,,False,session_close,19623.5,-25.5,-27.25,-54.5
2021-12-01,2021,2,short,-1,19514.0,19706.0,192.0,19773.5,9,2021-12-01 19:29:00+00:00,19619.5,19514.0,19711.0,105.5,0.5494791666666666,True,36.0,False,target,19514.0,105.5,103.75,207.5
2021-12-15,2021,2,short,-1,19176.0,19330.0,154.0,19335.25,4,2021-12-15 16:59:00+00:00,19201.75,19176.0,19335.0,25.75,0.1672077922077922,True,19.0,False,target,19176.0,25.75,24.0,48.0
2021-12-16,2021,2,short,-1,19190.0,19448.0,258.0,19749.5,6,2021-12-16 17:59:00+00:00,19330.0,19190.0,19453.0,140.0,0.5426356589147286,False,,False,session_close,19290.25,39.75,38.0,76.0
2021-12-17,2021,2,long,1,19233.0,19533.0,300.0,19140.0,9,2021-12-17 19:29:00+00:00,19279.25,19533.0,19228.0,253.75,0.8458333333333333,False,,False,stop,19228.0,-51.25,-53.0,-106.0
2021-12-28,2021,2,short,-1,19894.0,19990.0,96.0,20028.0,5,2021-12-28 17:29:00+00:00,19935.75,19894.0,19995.0,41.75,0.4348958333333333,True,93.0,False,target,19894.0,41.75,40.0,80.0
2022-02-04,2022,2,long,1,18058.0,18228.0,170.0,17945.5,8,2022-02-04 18:59:00+00:00,18171.75,18228.0,18053.0,56.25,0.33088235294117646,True,71.0,False,target,18228.0,56.25,54.5,109.0
2022-02-07,2022,2,short,-1,17868.0,18130.0,262.0,18134.5,5,2022-02-07 17:29:00+00:00,18019.25,17868.0,18135.0,151.25,0.5772900763358778,False,,False,stop,18135.0,-115.75,-117.5,-235.0
2022-02-08,2022,2,long,1,18028.0,18172.0,144.0,17942.75,4,2022-02-08 16:59:00+00:00,18117.0,18172.0,18023.0,55.0,0.3819444444444444,True,39.0,False,target,18172.0,55.0,53.25,106.5
2022-02-24,2022,2,long,1,17079.0,17371.0,292.0,16501.0,11,2022-02-24 20:29:00+00:00,17239.75,17371.0,17074.0,131.25,0.449486301369863,True,22.0,False,target,17371.0,131.25,129.5,259.0
2022-03-03,2022,2,short,-1,17507.0,17719.0,212.0,17778.75,8,2022-03-03 18:59:00+00:00,17554.25,17507.0,17724.0,47.25,0.22287735849056603,True,45.0,True,target,17507.0,47.25,45.5,91.0
2022-03-08,2022,2,long,1,16872.0,17140.0,268.0,16714.25,7,2022-03-08 18:29:00+00:00,16952.25,17140.0,16867.0,187.75,0.7005597014925373,False,,False,stop,16867.0,-85.25,-87.0,-174.0
2022-03-11,2022,2,short,-1,16898.0,17052.0,154.0,17138.75,2,2022-03-11 15:59:00+00:00,16999.25,16898.0,17057.0,101.25,0.6574675324675324,True,31.0,False,target,16898.0,101.25,99.5,199.0
2022-03-21,2022,2,short,-1,17567.0,17767.0,200.0,17801.5,8,2022-03-21 17:59:00+00:00,17692.75,17567.0,17772.0,125.75,0.62875,False,,False,stop,17772.0,-79.25,-81.0,-162.0
2022-04-13,2022,2,long,1,17456.0,17708.0,252.0,17383.25,3,2022-04-13 15:29:00+00:00,17587.25,17708.0,17451.0,120.75,0.4791666666666667,False,,False,session_close,17651.75,64.5,62.75,125.5
2022-04-27,2022,2,long,1,16528.0,16650.0,122.0,16451.75,9,2022-04-27 18:29:00+00:00,16543.0,16650.0,16523.0,107.0,0.8770491803278688,False,,True,stop,16523.0,-20.0,-21.75,-43.5
2022-05-05,2022,2,short,-1,16347.0,16641.0,294.0,16772.5,2,2022-05-05 14:59:00+00:00,16413.25,16347.0,16646.0,66.25,0.22534013605442177,True,7.0,False,target,16347.0,66.25,64.5,129.0
2022-05-19,2022,2,long,1,15335.0,15643.0,308.0,15295.0,5,2022-05-19 16:29:00+00:00,15447.0,15643.0,15330.0,196.0,0.6363636363636364,False,,False,stop,15330.0,-117.0,-118.75,-237.5
2022-06-06,2022,2,short,-1,15947.0,16049.0,102.0,16171.5,7,2022-06-06 17:29:00+00:00,16015.25,15947.0,16054.0,68.25,0.6691176470588235,False,,False,stop,16054.0,-38.75,-40.5,-81.0
2022-06-07,2022,2,long,1,15971.0,16115.0,144.0,15887.75,4,2022-06-07 15:59:00+00:00,16045.5,16115.0,15966.0,69.5,0.4826388888888889,True,130.0,True,target,16115.0,69.5,67.75,135.5
2022-07-01,2022,2,long,1,14891.0,15053.0,162.0,14877.25,11,2022-07-01 19:29:00+00:00,14973.25,15053.0,14886.0,79.75,0.49228395061728397,False,,False,session_close,15010.0,36.75,35.0,70.0
2022-07-14,2022,2,long,1,15093.0,15251.0,158.0,15039.75,10,2022-07-14 18:59:00+00:00,15201.25,15251.0,15088.0,49.75,0.314873417721519,False,,False,session_close,15197.25,-4.0,-5.75,-11.5
2022-07-28,2022,2,short,-1,15770.0,15994.0,224.0,16004.0,2,2022-07-28 14:59:00+00:00,15973.75,15770.0,15999.0,203.75,0.9095982142857143,False,,False,stop,15999.0,-25.25,-27.0,-54.0
2022-08-08,2022,2,short,-1,16536.0,16634.0,98.0,16662.0,7,2022-08-08 17:29:00+00:00,16585.5,16536.0,16639.0,49.5,0.5051020408163265,True,66.0,False,target,16536.0,49.5,47.75,95.5
2022-08-24,2022,2,long,1,16294.0,16352.0,58.0,16274.0,9,2022-08-24 18:29:00+00:00,16340.0,16352.0,16289.0,12.0,0.20689655172413793,True,39.0,True,target,16352.0,12.0,10.25,20.5
2022-08-31,2022,2,short,-1,15672.0,15792.0,120.0,15874.25,7,2022-08-31 17:29:00+00:00,15718.75,15672.0,15797.0,46.75,0.38958333333333334,False,,False,session_close,15679.0,39.75,38.0,76.0
2022-09-02,2022,2,short,-1,15427.0,15579.0,152.0,15802.25,9,2022-09-02 18:29:00+00:00,15543.25,15427.0,15584.0,116.25,0.7648026315789473,False,,False,session_close,15507.5,35.75,34.0,68.0
2022-10-03,2022,2,long,1,14478.0,14660.0,182.0,14425.25,3,2022-10-03 15:29:00+00:00,14546.25,14660.0,14473.0,113.75,0.625,True,196.0,False,target,14660.0,113.75,112.0,224.0
2022-10-14,2022,2,short,-1,14108.0,14462.0,354.0,14500.5,2,2022-10-14 14:59:00+00:00,14237.25,14108.0,14467.0,129.25,0.3651129943502825,True,77.0,False,target,14108.0,129.25,127.5,255.0
2022-10-21,2022,2,long,1,14374.0,14574.0,200.0,14364.25,2,2022-10-21 14:59:00+00:00,14409.5,14574.0,14369.0,164.5,0.8225,True,111.0,False,target,14574.0,164.5,162.75,325.5
2022-11-18,2022,2,short,-1,14924.0,15044.0,120.0,15157.75,4,2022-11-18 16:59:00+00:00,15001.25,14924.0,15049.0,77.25,0.64375,False,,False,stop,15049.0,-47.75,-49.5,-99.0
2022-12-20,2022,2,long,1,14380.0,14500.0,120.0,14331.0,9,2022-12-20 19:29:00+00:00,14391.5,14500.0,14375.0,108.5,0.9041666666666667,False,,False,stop,14375.0,-16.5,-18.25,-36.5
2023-01-13,2023,2,long,1,14626.0,14748.0,122.0,14622.0,2,2023-01-13 15:59:00+00:00,14715.0,14748.0,14621.0,33.0,0.27049180327868855,True,160.0,False,target,14748.0,33.0,31.25,62.5
2023-02-03,2023,2,long,1,15917.0,16055.0,138.0,15772.0,3,2023-02-03 16:29:00+00:00,16038.0,16055.0,15912.0,17.0,0.12318840579710146,True,2.0,False,target,16055.0,17.0,15.25,30.5
2023-02-08,2023,2,short,-1,15692.0,15892.0,200.0,15911.25,3,2023-02-08 16:29:00+00:00,15732.75,15692.0,15897.0,40.75,0.20375,False,,False,session_close,15741.0,-8.25,-10.0,-20.0
2023-02-09,2023,2,short,-1,15718.0,15816.0,98.0,15920.25,5,2023-02-09 17:29:00+00:00,15778.75,15718.0,15821.0,60.75,0.6198979591836735,True,8.0,False,target,15718.0,60.75,59.0,118.0
2023-02-16,2023,2,long,1,15754.0,15874.0,120.0,15721.5,3,2023-02-16 16:29:00+00:00,15840.5,15874.0,15749.0,33.5,0.2791666666666667,True,65.0,False,target,15874.0,33.5,31.75,63.5
2023-03-13,2023,2,long,1,15054.0,15216.0,162.0,14968.25,8,2023-03-13 17:59:00+00:00,15204.5,15216.0,15049.0,11.5,0.07098765432098765,True,2.0,True,target,15216.0,11.5,9.75,19.5
2023-03-27,2023,2,short,-1,15837.0,15913.0,76.0,15988.25,8,2023-03-27 17:59:00+00:00,15875.5,15837.0,15918.0,38.5,0.506578947368421,False,,True,stop,15918.0,-42.5,-44.25,-88.5
2023-04-04,2023,2,short,-1,16228.0,16304.0,76.0,16354.25,11,2023-04-04 19:29:00+00:00,16254.25,16228.0,16309.0,26.25,0.34539473684210525,False,,False,session_close,16292.25,-38.0,-39.75,-79.5
2023-04-20,2023,2,long,1,16206.0,16286.0,80.0,16120.5,7,2023-04-20 17:29:00+00:00,16260.25,16286.0,16201.0,25.75,0.321875,False,,False,stop,16201.0,-59.25,-61.0,-122.0
2023-04-21,2023,2,long,1,16130.0,16226.0,96.0,16126.75,8,2023-04-21 17:59:00+00:00,16169.75,16226.0,16125.0,56.25,0.5859375,False,,False,stop,16125.0,-44.75,-46.5,-93.0
2023-05-19,2023,2,short,-1,16828.0,16920.0,92.0,16966.75,10,2023-05-19 18:59:00+00:00,16918.75,16828.0,16925.0,90.75,0.9864130434782609,False,,False,stop,16925.0,-6.25,-8.0,-16.0
2023-06-16,2023,2,short,-1,18122.0,18302.0,180.0,18356.0,2,2023-06-16 14:59:00+00:00,18259.0,18122.0,18307.0,137.0,0.7611111111111111,False,,False,session_close,18159.5,99.5,97.75,195.5
2023-06-23,2023,2,long,1,17970.0,18066.0,96.0,17928.5,7,2023-06-23 17:29:00+00:00,18028.75,18066.0,17965.0,37.25,0.3880208333333333,False,,False,stop,17965.0,-63.75,-65.5,-131.0
2023-07-17,2023,2,long,1,18621.0,18717.0,96.0,18614.75,3,2023-07-17 15:29:00+00:00,18665.5,18717.0,18616.0,51.5,0.5364583333333334,True,174.0,False,target,18717.0,51.5,49.75,99.5
2023-07-19,2023,2,short,-1,18636.0,18842.0,206.0,18897.75,10,2023-07-19 18:59:00+00:00,18837.0,18636.0,18847.0,201.0,0.9757281553398058,False,,False,stop,18847.0,-10.0,-11.75,-23.5
2023-08-03,2023,2,long,1,18309.0,18407.0,98.0,18243.25,5,2023-08-03 16:29:00+00:00,18359.0,18407.0,18304.0,48.0,0.4897959183673469,True,21.0,False,target,18407.0,48.0,46.25,92.5
2023-08-09,2023,2,short,-1,18114.0,18202.0,88.0,18245.75,9,2023-08-09 18:29:00+00:00,18176.5,18114.0,18207.0,62.5,0.7102272727272727,True,70.0,True,target,18114.0,62.5,60.75,121.5
2023-08-10,2023,2,short,-1,18073.0,18179.0,106.0,18186.25,6,2023-08-10 16:59:00+00:00,18097.5,18073.0,18184.0,24.5,0.23113207547169812,True,23.0,False,target,18073.0,24.5,22.75,45.5
2023-08-25,2023,2,long,1,17801.0,18059.0,258.0,17782.0,11,2023-08-25 19:29:00+00:00,17898.25,18059.0,17796.0,160.75,0.623062015503876,False,,False,session_close,17862.75,-35.5,-37.25,-74.5
2023-09-13,2023,2,long,1,18215.0,18303.0,88.0,18195.25,4,2023-09-13 15:59:00+00:00,18272.0,18303.0,18210.0,31.0,0.3522727272727273,True,77.0,False,target,18303.0,31.0,29.25,58.5
2023-09-18,2023,2,long,1,18076.0,18224.0,148.0,18047.25,4,2023-09-18 15:59:00+00:00,18139.75,18224.0,18071.0,84.25,0.5692567567567568,False,,False,stop,18071.0,-68.75,-70.5,-141.0
2023-09-29,2023,2,short,-1,17470.0,17640.0,170.0,17693.5,8,2023-09-29 17:59:00+00:00,17512.0,17470.0,17645.0,42.0,0.24705882352941178,False,,False,session_close,17559.25,-47.25,-49.0,-98.0
2023-10-05,2023,2,short,-1,17472.0,17584.0,112.0,17600.75,9,2023-10-05 18:29:00+00:00,17556.5,17472.0,17589.0,84.5,0.7544642857142857,False,,True,stop,17589.0,-32.5,-34.25,-68.5
2023-10-17,2023,2,long,1,17948.0,18016.0,68.0,17830.25,6,2023-10-17 16:59:00+00:00,17965.0,18016.0,17943.0,51.0,0.75,False,,False,stop,17943.0,-22.0,-23.75,-47.5
2023-10-23,2023,2,long,1,17372.0,17472.0,100.0,17293.5,4,2023-10-23 15:59:00+00:00,17450.25,17472.0,17367.0,21.75,0.2175,True,11.0,False,target,17472.0,21.75,20.0,40.0
2023-12-06,2023,2,short,-1,18542.0,18608.0,66.0,18725.25,9,2023-12-06 19:29:00+00:00,18553.25,18542.0,18613.0,11.25,0.17045454545454544,True,41.0,True,target,18542.0,11.25,9.5,19.0
2024-01-05,2024,2,long,1,18945.0,19011.0,66.0,18928.25,9,2024-01-05 19:29:00+00:00,18958.0,19011.0,18940.0,53.0,0.803030303030303,False,,True,stop,18940.0,-18.0,-19.75,-39.5
2024-01-12,2024,2,short,-1,19306.0,19458.0,152.0,19487.5,6,2024-01-12 17:59:00+00:00,19432.5,19306.0,19463.0,126.5,0.8322368421052632,False,,False,stop,19463.0,-30.5,-32.25,-64.5
2024-01-30,2024,2,short,-1,20004.0,20098.0,94.0,20140.5,7,2024-01-30 18:29:00+00:00,20075.75,20004.0,20103.0,71.75,0.7632978723404256,False,,False,session_close,20063.0,12.75,11.0,22.0
2024-02-16,2024,2,short,-1,20292.0,20378.0,86.0,20406.0,5,2024-02-16 17:29:00+00:00,20358.75,20292.0,20383.0,66.75,0.7761627906976745,True,42.0,True,target,20292.0,66.75,65.0,130.0
2024-02-23,2024,2,short,-1,20376.0,20522.0,146.0,20585.0,4,2024-02-23 16:59:00+00:00,20516.0,20376.0,20527.0,140.0,0.958904109589041,False,,False,stop,20527.0,-11.0,-12.75,-25.5
2024-03-25,2024,2,long,1,20743.0,20823.0,80.0,20692.0,4,2024-03-25 15:59:00+00:00,20772.0,20823.0,20738.0,51.0,0.6375,False,,False,session_close,20743.0,-29.0,-30.75,-61.5
2024-03-26,2024,2,short,-1,20744.0,20798.0,54.0,20802.0,7,2024-03-26 17:29:00+00:00,20782.25,20744.0,20803.0,38.25,0.7083333333333334,True,120.0,False,target,20744.0,38.25,36.5,73.0
2024-04-05,2024,2,long,1,20492.0,20802.0,310.0,20371.5,5,2024-04-05 16:29:00+00:00,20589.0,20802.0,20487.0,213.0,0.6870967741935484,False,,False,stop,20487.0,-102.0,-103.75,-207.5
2024-04-15,2024,2,short,-1,20365.0,20493.0,128.0,20568.5,3,2024-04-15 15:29:00+00:00,20428.5,20365.0,20498.0,63.5,0.49609375,True,56.0,False,target,20365.0,63.5,61.75,123.5
2024-04-24,2024,2,short,-1,19784.0,19882.0,98.0,19964.25,6,2024-04-24 16:59:00+00:00,19855.5,19784.0,19887.0,71.5,0.7295918367346939,False,,False,stop,19887.0,-31.5,-33.25,-66.5
2024-04-29,2024,2,short,-1,20046.0,20132.0,86.0,20154.75,4,2024-04-29 15:59:00+00:00,20121.5,20046.0,20137.0,75.5,0.877906976744186,True,184.0,False,stop,20137.0,-15.5,-17.25,-34.5
2024-05-21,2024,2,long,1,20965.0,21013.0,48.0,20919.5,6,2024-05-21 16:59:00+00:00,20980.5,21013.0,20960.0,32.5,0.6770833333333334,True,63.0,False,target,21013.0,32.5,30.75,61.5
2024-05-24,2024,2,long,1,21008.0,21216.0,208.0,20995.5,3,2024-05-24 15:29:00+00:00,21134.0,21216.0,21003.0,82.0,0.3942307692307692,False,,False,session_close,21107.25,-26.75,-28.5,-57.0
2024-06-06,2024,2,short,-1,21149.0,21313.0,164.0,21336.25,5,2024-06-06 16:29:00+00:00,21290.0,21149.0,21318.0,141.0,0.8597560975609756,False,,False,stop,21318.0,-28.0,-29.75,-59.5
2024-06-10,2024,2,long,1,21250.0,21336.0,86.0,21221.75,3,2024-06-10 15:29:00+00:00,21323.0,21336.0,21245.0,13.0,0.1511627906976744,True,12.0,False,target,21336.0,13.0,11.25,22.5
2024-08-07,2024,2,short,-1,20139.0,20387.0,248.0,20411.75,6,2024-08-07 16:59:00+00:00,20240.25,20139.0,20392.0,101.25,0.40826612903225806,True,18.0,False,target,20139.0,101.25,99.5,199.0
2024-08-14,2024,2,short,-1,20890.0,21070.0,180.0,21095.25,7,2024-08-14 17:29:00+00:00,21042.75,20890.0,21075.0,152.75,0.8486111111111111,False,,True,stop,21075.0,-32.25,-34.0,-68.0
2024-09-05,2024,2,long,1,20901.0,21025.0,124.0,20844.75,10,2024-09-05 18:59:00+00:00,20947.75,21025.0,20896.0,77.25,0.6229838709677419,False,,True,stop,20896.0,-51.75,-53.5,-107.0
2024-09-27,2024,2,short,-1,21946.0,22078.0,132.0,22097.25,3,2024-09-27 15:29:00+00:00,21990.25,21946.0,22083.0,44.25,0.3352272727272727,True,41.0,False,target,21946.0,44.25,42.5,85.0
2024-10-03,2024,2,long,1,21700.0,21788.0,88.0,21632.5,5,2024-10-03 16:29:00+00:00,21753.5,21788.0,21695.0,34.5,0.39204545454545453,False,,True,stop,21695.0,-58.5,-60.25,-120.5
2024-10-11,2024,2,long,1,22091.0,22173.0,82.0,22060.75,7,2024-10-11 17:29:00+00:00,22160.75,22173.0,22086.0,12.25,0.14939024390243902,True,39.0,True,target,22173.0,12.25,10.5,21.0
2024-10-22,2024,2,long,1,22143.0,22231.0,88.0,22123.0,5,2024-10-22 16:29:00+00:00,22157.25,22231.0,22138.0,73.75,0.8380681818181818,True,64.0,True,target,22231.0,73.75,72.0,144.0
2024-10-24,2024,2,short,-1,21834.0,22086.0,252.0,22092.75,5,2024-10-24 16:29:00+00:00,22047.0,21834.0,22091.0,213.0,0.8452380952380952,False,,False,stop,22091.0,-44.0,-45.75,-91.5
2024-11-04,2024,2,long,1,21874.0,21972.0,98.0,21840.5,3,2024-11-04 16:29:00+00:00,21898.0,21972.0,21869.0,74.0,0.7551020408163265,False,,False,stop,21869.0,-29.0,-30.75,-61.5
2024-11-11,2024,2,short,-1,22907.0,22959.0,52.0,23003.0,4,2024-11-11 16:59:00+00:00,22923.5,22907.0,22964.0,16.5,0.3173076923076923,True,13.0,True,target,22907.0,16.5,14.75,29.5
2024-12-12,2024,2,long,1,23415.0,23539.0,124.0,23414.0,8,2024-12-12 18:59:00+00:00,23417.5,23539.0,23410.0,121.5,0.9798387096774194,False,,False,stop,23410.0,-7.5,-9.25,-18.5
2025-01-14,2025,2,short,-1,22198.0,22340.0,142.0,22507.5,6,2025-01-14 17:59:00+00:00,22299.25,22198.0,22345.0,101.25,0.7130281690140845,False,,False,stop,22345.0,-45.75,-47.5,-95.0
2025-01-16,2025,2,short,-1,22742.0,22872.0,130.0,22931.25,2,2025-01-16 15:59:00+00:00,22861.0,22742.0,22877.0,119.0,0.9153846153846154,True,158.0,False,stop,22877.0,-16.0,-17.75,-35.5
2025-02-12,2025,2,long,1,23203.0,23277.0,74.0,22986.75,8,2025-02-12 18:59:00+00:00,23229.0,23277.0,23198.0,48.0,0.6486486486486487,False,,False,stop,23198.0,-31.0,-32.75,-65.5
2025-03-21,2025,2,long,1,21040.0,21226.0,186.0,20895.0,7,2025-03-21 17:29:00+00:00,21059.0,21226.0,21035.0,167.0,0.8978494623655914,False,,False,session_close,21190.0,131.0,129.25,258.5
2025-03-27,2025,2,long,1,21287.0,21521.0,234.0,21266.0,3,2025-03-27 15:29:00+00:00,21371.25,21521.0,21282.0,149.75,0.6399572649572649,False,,False,stop,21282.0,-89.25,-91.0,-182.0
2025-04-08,2025,2,short,-1,18458.0,18968.0,510.0,19386.25,10,2025-04-08 18:59:00+00:00,18677.25,18458.0,18973.0,219.25,0.42990196078431375,True,15.0,False,target,18458.0,219.25,217.5,435.0
2025-04-10,2025,2,short,-1,18452.0,20010.0,1558.0,20028.25,4,2025-04-10 15:59:00+00:00,19516.0,18452.0,20015.0,1064.0,0.6829268292682927,False,,False,session_close,19720.5,-204.5,-206.25,-412.5
2025-04-28,2025,2,short,-1,20478.0,20708.0,230.0,20785.5,5,2025-04-28 16:29:00+00:00,20519.25,20478.0,20713.0,41.25,0.1793478260869565,False,,False,stop,20713.0,-193.75,-195.5,-391.0
2025-05-16,2025,2,short,-1,22546.0,22700.0,154.0,22704.75,2,2025-05-16 14:59:00+00:00,22628.5,22546.0,22705.0,82.5,0.5357142857142857,False,,False,stop,22705.0,-76.5,-78.25,-156.5
2025-05-28,2025,2,short,-1,22594.0,22718.0,124.0,22742.0,3,2025-05-28 15:29:00+00:00,22695.75,22594.0,22723.0,101.75,0.8205645161290323,True,265.0,False,stop,22723.0,-27.25,-29.0,-58.0
2025-06-12,2025,2,long,1,23127.0,23299.0,172.0,23066.5,5,2025-06-12 16:29:00+00:00,23192.5,23299.0,23122.0,106.5,0.6191860465116279,False,,False,session_close,23174.0,-18.5,-20.25,-40.5
2025-06-25,2025,2,short,-1,23328.0,23452.0,124.0,23503.5,10,2025-06-25 18:59:00+00:00,23424.75,23328.0,23457.0,96.75,0.780241935483871,False,,False,stop,23457.0,-32.25,-34.0,-68.0
2025-07-08,2025,2,short,-1,23850.0,23936.0,86.0,23939.25,4,2025-07-08 15:59:00+00:00,23910.5,23850.0,23941.0,60.5,0.7034883720930233,False,,True,stop,23941.0,-30.5,-32.25,-64.5
2025-07-10,2025,2,short,-1,23961.0,24055.0,94.0,24076.5,5,2025-07-10 16:29:00+00:00,24012.25,23961.0,24060.0,51.25,0.5452127659574468,False,,True,session_close,24019.25,-7.0,-8.75,-17.5
2025-07-11,2025,2,long,1,23967.0,24047.0,80.0,23919.5,7,2025-07-11 17:29:00+00:00,24011.75,24047.0,23962.0,35.25,0.440625,False,,False,stop,23962.0,-49.75,-51.5,-103.0
2025-07-18,2025,2,short,-1,24165.0,24285.0,120.0,24304.75,3,2025-07-18 15:29:00+00:00,24220.75,24165.0,24290.0,55.75,0.46458333333333335,False,,False,session_close,24231.0,-10.25,-12.0,-24.0
2025-07-23,2025,2,short,-1,24173.0,24255.0,82.0,24265.75,7,2025-07-23 17:29:00+00:00,24238.25,24173.0,24260.0,65.25,0.7957317073170732,False,,True,stop,24260.0,-21.75,-23.5,-47.0
2025-08-07,2025,2,short,-1,24245.0,24449.0,204.0,24605.25,9,2025-08-07 18:29:00+00:00,24373.75,24245.0,24454.0,128.75,0.6311274509803921,False,,False,stop,24454.0,-80.25,-82.0,-164.0
2025-08-13,2025,2,short,-1,24745.0,24953.0,208.0,25048.75,6,2025-08-13 16:59:00+00:00,24904.0,24745.0,24958.0,159.0,0.7644230769230769,False,,False,stop,24958.0,-54.0,-55.75,-111.5
2025-08-26,2025,2,long,1,24536.0,24616.0,80.0,24474.5,11,2025-08-26 19:29:00+00:00,24571.5,24616.0,24531.0,44.5,0.55625,False,,False,session_close,24591.25,19.75,18.0,36.0
2025-09-16,2025,2,short,-1,25250.0,25294.0,44.0,25348.5,5,2025-09-16 16:29:00+00:00,25289.5,25250.0,25299.0,39.5,0.8977272727272727,False,,False,stop,25299.0,-9.5,-11.25,-22.5
2025-10-09,2025,2,short,-1,25943.0,26065.0,122.0,26097.25,2,2025-10-09 14:59:00+00:00,26018.75,25943.0,26070.0,75.75,0.6209016393442623,True,139.0,False,target,25943.0,75.75,74.0,148.0
2025-10-14,2025,2,long,1,25596.0,25722.0,126.0,25406.75,7,2025-10-14 17:29:00+00:00,25695.25,25722.0,25591.0,26.75,0.2123015873015873,False,,False,stop,25591.0,-104.25,-106.0,-212.0
2025-10-15,2025,2,short,-1,25462.0,25706.0,244.0,25770.5,9,2025-10-15 18:29:00+00:00,25660.0,25462.0,25711.0,198.0,0.8114754098360656,False,,True,stop,25711.0,-51.0,-52.75,-105.5
2025-11-03,2025,2,short,-1,26712.0,26892.0,180.0,27004.0,3,2025-11-03 16:29:00+00:00,26820.25,26712.0,26897.0,108.25,0.6013888888888889,False,,False,stop,26897.0,-76.75,-78.5,-157.0
2025-11-05,2025,2,long,1,26370.0,26570.0,200.0,26310.5,2,2025-11-05 15:59:00+00:00,26488.0,26570.0,26365.0,82.0,0.41,True,92.0,False,target,26570.0,82.0,80.25,160.5
2025-11-12,2025,2,short,-1,26326.0,26456.0,130.0,26546.75,8,2025-11-12 18:59:00+00:00,26381.25,26326.0,26461.0,55.25,0.425,True,34.0,True,target,26326.0,55.25,53.5,107.0
2025-11-14,2025,2,long,1,25780.0,26062.0,282.0,25491.0,4,2025-11-14 16:59:00+00:00,26016.0,26062.0,25775.0,46.0,0.16312056737588654,False,,False,session_close,25874.25,-141.75,-143.5,-287.0
2025-11-17,2025,2,long,1,25783.0,26061.0,278.0,25766.0,2,2025-11-17 15:59:00+00:00,25848.5,26061.0,25778.0,212.5,0.7643884892086331,False,,False,stop,25778.0,-70.5,-72.25,-144.5
2025-11-21,2025,2,long,1,24972.0,25666.0,694.0,24971.0,6,2025-11-21 17:59:00+00:00,25117.75,25666.0,24967.0,548.25,0.7899855907780979,False,,False,session_close,25082.0,-35.75,-37.5,-75.0
2025-12-03,2025,2,long,1,26289.0,26407.0,118.0,26263.25,4,2025-12-03 16:59:00+00:00,26328.75,26407.0,26284.0,78.25,0.663135593220339,True,64.0,False,target,26407.0,78.25,76.5,153.0
2025-12-04,2025,2,short,-1,26272.0,26406.0,134.0,26480.0,7,2025-12-04 18:29:00+00:00,26389.75,26272.0,26411.0,117.75,0.878731343283582,True,52.0,False,target,26272.0,117.75,116.0,232.0
2026-01-12,2026,2,long,1,26299.0,26505.0,206.0,26278.0,2,2026-01-12 15:59:00+00:00,26448.25,26505.0,26294.0,56.75,0.27548543689320387,True,72.0,False,target,26505.0,56.75,55.0,110.0
2026-02-13,2026,2,long,1,25328.0,25660.0,332.0,25275.0,5,2026-02-13 17:29:00+00:00,25482.0,25660.0,25323.0,178.0,0.536144578313253,False,,False,stop,25323.0,-159.0,-160.75,-321.5
2026-02-27,2026,2,long,1,25452.0,25620.0,168.0,25348.25,3,2026-02-27 16:29:00+00:00,25500.5,25620.0,25447.0,119.5,0.7113095238095238,False,,False,stop,25447.0,-53.5,-55.25,-110.5
2026-03-23,2026,2,short,-1,24509.0,24823.0,314.0,24826.25,6,2026-03-23 16:59:00+00:00,24700.25,24509.0,24828.0,191.25,0.6090764331210191,False,,False,stop,24828.0,-127.75,-129.5,-259.0
2026-04-21,2026,2,short,-1,26980.0,27080.0,100.0,27140.0,10,2026-04-21 18:59:00+00:00,27055.75,26980.0,27085.0,75.75,0.7575,True,43.0,True,stop,27085.0,-29.25,-31.0,-62.0
2026-05-07,2026,2,short,-1,28808.0,29058.0,250.0,29082.0,8,2026-05-07 17:59:00+00:00,29027.75,28808.0,29063.0,219.75,0.879,False,,False,session_close,29016.25,11.5,9.75,19.5
2026-05-27,2026,2,short,-1,30278.0,30402.0,124.0,30519.25,10,2026-05-27 18:59:00+00:00,30371.0,30278.0,30407.0,93.0,0.75,False,,True,session_close,30379.25,-8.25,-10.0,-20.0
2026-06-03,2026,2,short,-1,30918.0,31034.0,116.0,31086.5,10,2026-06-03 18:59:00+00:00,30983.5,30918.0,31039.0,65.5,0.5646551724137931,False,,True,session_close,30967.5,16.0,14.25,28.5
2026-06-25,2026,2,short,-1,29452.0,29844.0,392.0,30152.75,3,2026-06-25 15:29:00+00:00,29613.5,29452.0,29849.0,161.5,0.4119897959183674,False,,True,stop,29849.0,-235.5,-237.25,-474.5
2026-07-08,2026,2,long,1,29324.0,29574.0,250.0,29201.75,8,2026-07-08 17:59:00+00:00,29352.75,29574.0,29319.0,221.25,0.885,False,,False,session_close,29457.25,104.5,102.75,205.5
2026-07-20,2026,2,short,-1,28716.0,28968.0,252.0,29043.5,11,2026-07-20 19:29:00+00:00,28855.0,28716.0,28973.0,139.0,0.5515873015873016,False,,False,session_close,28785.75,69.25,67.5,135.0
2026-07-22,2026,2,long,1,29198.0,29362.0,164.0,29090.25,4,2026-07-22 15:59:00+00:00,29330.25,29362.0,29193.0,31.75,0.19359756097560976,False,,False,stop,29193.0,-137.25,-139.0,-278.0
2026-08-05,2026,2,short,-1,29520.0,29956.0,436.0,29974.75,3,2026-08-05 15:29:00+00:00,29809.75,29520.0,29961.0,289.75,0.6645642201834863,False,,False,session_close,29606.75,203.0,201.25,402.5
2026-08-17,2026,2,short,-1,30046.0,30174.0,128.0,30218.75,9,2026-08-17 18:29:00+00:00,30103.5,30046.0,30179.0,57.5,0.44921875,False,,False,session_close,30091.0,12.5,10.75,21.5
2026-08-21,2026,2,short,-1,29286.0,29408.0,122.0,29469.25,10,2026-08-21 18:59:00+00:00,29400.25,29286.0,29413.0,114.25,0.9364754098360656,False,,True,stop,29413.0,-12.75,-14.5,-29.0
2026-08-26,2026,2,long,1,29213.0,29293.0,80.0,29174.25,4,2026-08-26 15:59:00+00:00,29217.5,29293.0,29208.0,75.5,0.94375,True,116.0,True,stop,29208.0,-9.5,-11.25,-22.5
