market,name,sector,obs,cagr_pct,ann_vol_pct,sharpe,sortino,max_dd_pct,calmar,dd_trough,pct_days_underwater,skew,excess_kurt,jarque_bera_p,hit_rate_pct,best_day_pct,worst_day_pct,var95_pct,cvar95_pct
NQ,E-mini Nasdaq 100,equity_index,9946,15.04,25.67,0.674,0.896,-75.3,0.2,2002-10-07,91.9,0.092,8.19,0.00e+00,54.91,18.77,-15.08,-2.52,-3.79
YM,E-mini Dow,equity_index,10301,9.4,17.56,0.601,0.73,-53.8,0.175,2009-03-09,91.3,-0.951,28.48,0.00e+00,52.48,11.37,-22.61,-1.61,-2.6
RTY,E-mini Russell 2000,equity_index,9504,9.06,21.44,0.512,0.652,-58.4,0.155,2009-03-09,92.9,-0.448,8.75,0.00e+00,54.73,9.39,-14.27,-2.04,-3.18
ES,E-mini S&P 500,equity_index,24281,6.43,18.67,0.427,0.536,-86.2,0.075,1932-06-01,94.0,-0.11,17.4,0.00e+00,52.5,16.61,-20.47,-1.67,-2.81
VX,VIX,volatility,9159,-11.81,111.77,0.411,0.786,-99.4,-0.119,2025-12-24,99.9,2.012,16.86,0.00e+00,45.17,115.6,-35.75,-9.3,-12.65
ZO,Oats,grains,10516,1.92,78.71,0.41,0.512,-77.3,0.025,2000-07-03,98.7,1.193,18.41,0.00e+00,43.68,68.55,-45.82,-6.77,-12.15
GC,Gold,metals,10101,5.23,15.76,0.402,0.534,-49.4,0.106,1999-08-25,97.3,-0.123,8.41,0.00e+00,50.55,10.95,-9.11,-1.51,-2.36
PA,Palladium,metals,10546,5.96,33.17,0.341,0.454,-86.5,0.069,2003-04-29,98.2,-0.133,7.95,0.00e+00,47.9,19.88,-20.53,-3.16,-4.92
NG,Henry Hub Natural Gas,energy,9320,0.35,65.56,0.327,0.491,-92.1,0.004,2020-06-25,99.5,1.328,22.87,0.00e+00,48.94,61.77,-35.7,-5.54,-8.56
SI,Silver,metals,10098,5.14,28.76,0.32,0.395,-77.2,0.067,2020-03-19,98.5,-0.852,12.47,0.00e+00,49.43,14.94,-26.91,-2.71,-4.39
CC,Cocoa,softs,10397,1.54,59.28,0.32,0.419,-75.2,0.021,2026-02-27,99.2,0.785,16.15,0.00e+00,48.65,42.11,-31.34,-4.86,-8.85
BZ,Brent Crude,energy,10375,4.38,36.83,0.302,0.401,-88.8,0.049,2020-04-21,98.3,-0.348,13.37,0.00e+00,51.13,21.02,-34.77,-3.46,-5.35
RB,RBOB Gasoline,energy,5160,3.97,39.75,0.297,0.406,-80.2,0.049,2020-03-23,98.7,-0.024,7.71,0.00e+00,52.25,24.18,-18.9,-3.87,-5.79
DC,Class III Milk,softs,5339,2.67,47.26,0.294,0.304,-74.8,0.036,2020-04-01,98.6,0.296,36.53,0.00e+00,46.83,39.05,-27.67,-3.02,-7.29
GF,Feeder Cattle,livestock,10212,3.04,15.57,0.27,0.36,-57.3,0.053,2020-03-16,97.4,0.567,18.72,0.00e+00,49.99,14.97,-9.55,-1.44,-2.27
CL,WTI Crude Oil,energy,10050,2.64,40.48,0.267,0.36,-89.3,0.03,2020-04-17,98.8,0.21,18.07,0.00e+00,51.22,37.66,-33.0,-3.67,-5.75
HO,NY Harbor ULSD,energy,10158,3.01,36.7,0.267,0.352,-83.6,0.036,1999-02-08,99.1,-0.668,10.01,0.00e+00,50.99,15.02,-32.36,-3.43,-5.36
LBR,Lumber,softs,10184,3.03,37.02,0.265,0.397,-80.4,0.038,2009-01-14,98.9,0.509,16.31,0.00e+00,48.47,27.68,-33.48,-3.21,-4.71
NKD,Nikkei 225 (USD),equity_index,9986,3.34,23.88,0.257,0.362,-84.6,0.039,2009-03-10,97.5,-0.039,6.56,0.00e+00,51.56,13.82,-16.13,-2.35,-3.44
ZW,Chicago Wheat,grains,10500,1.05,47.45,0.253,0.341,-80.3,0.013,2009-09-08,99.1,2.909,90.03,0.00e+00,48.42,69.9,-41.16,-2.99,-5.88
PL,Platinum,metals,10507,3.2,23.85,0.252,0.331,-74.2,0.043,2020-03-19,98.5,-0.596,8.13,0.00e+00,50.46,10.19,-18.97,-2.26,-3.53
ZR,Rough Rice,grains,10474,7.11,66.55,0.239,0.813,-73.8,0.096,2002-05-06,96.6,79.854,7520.97,0.00e+00,44.55,395.0,-25.9,-2.36,-3.61
ZB,30-Year T-Bond,rates,10390,2.68,24.95,0.23,0.346,-72.0,0.037,2023-10-19,98.7,0.343,6.43,0.00e+00,50.06,22.53,-8.84,-2.48,-3.46
KC,Coffee,softs,10226,1.12,39.29,0.224,0.332,-87.8,0.013,2001-12-04,99.7,0.389,7.21,0.00e+00,49.79,26.84,-19.8,-3.71,-5.4
ZS,Soybeans,grains,10255,2.48,23.23,0.222,0.286,-57.6,0.043,2001-10-22,98.8,-0.537,15.37,0.00e+00,50.92,22.53,-20.87,-2.15,-3.5
ZC,Corn,grains,10487,1.42,33.49,0.21,0.278,-71.3,0.02,2000-09-04,99.0,0.025,11.7,0.00e+00,47.9,19.01,-24.13,-2.89,-4.98
SB,Sugar #11,softs,10249,-0.41,43.42,0.208,0.281,-77.7,-0.005,1999-05-03,99.7,0.392,22.93,0.00e+00,48.71,44.04,-33.27,-3.67,-6.17
LE,Live Cattle,livestock,10192,1.88,17.38,0.195,0.233,-56.1,0.033,2020-04-03,98.5,-1.147,11.65,0.00e+00,50.41,7.03,-14.48,-1.62,-2.71
HG,Copper,metals,8256,1.67,25.66,0.193,0.272,-67.5,0.025,2020-03-23,99.4,-0.223,5.91,0.00e+00,49.55,13.45,-18.14,-2.49,-3.68
ZN,10-Year T-Note,rates,10482,1.27,9.45,0.181,0.261,-36.4,0.035,2023-10-19,98.3,0.15,7.2,0.00e+00,50.76,7.68,-5.02,-0.94,-1.35
CT,Cotton,softs,10165,-0.77,38.03,0.176,0.221,-80.5,-0.01,2020-04-01,99.5,-0.752,41.08,0.00e+00,49.09,33.71,-54.35,-3.15,-5.49
ZT,2-Year T-Note,rates,10484,0.22,1.83,0.128,0.178,-9.7,0.022,2023-10-18,98.0,0.424,9.56,0.00e+00,46.38,1.56,-0.92,-0.17,-0.27
ZF,5-Year T-Note,rates,10323,0.41,4.89,0.107,0.154,-21.6,0.019,2023-10-19,98.4,0.236,10.79,0.00e+00,48.72,4.29,-4.06,-0.49,-0.7
HE,Lean Hogs,livestock,10195,-3.68,34.69,0.067,0.079,-91.9,-0.04,2020-04-16,99.7,-0.291,25.0,0.00e+00,50.39,28.36,-23.78,-2.7,-5.11
6E,Euro FX,fx,13077,-1.49,11.62,-0.06,-0.06,-54.3,-0.027,1985-02-26,99.6,-23.864,1622.61,0.00e+00,49.77,4.84,-49.68,-0.94,-1.41
6N,New Zealand Dollar,fx,14141,-2.02,13.02,-0.082,-0.08,-63.8,-0.032,2000-11-21,99.4,-15.748,1010.04,0.00e+00,47.25,19.73,-49.98,-1.04,-1.73
6A,Australian Dollar,fx,14183,-2.26,12.53,-0.11,-0.102,-67.2,-0.034,2001-04-02,99.5,-19.155,1156.89,0.00e+00,48.36,8.63,-49.98,-1.01,-1.67
6B,British Pound,fx,14452,-2.15,11.35,-0.124,-0.121,-60.2,-0.036,1985-02-26,99.5,-23.739,1649.97,0.00e+00,49.27,4.7,-49.98,-0.92,-1.44
