variant,year,trades,win_rate,avg_points,total_points,avg_r,total_pnl,profit_factor,max_drawdown,sharpe,sortino,pnl_calmar,annualized_volatility,profitable_months
Sarah baseline,2019,446.0,0.226457399103139,-0.6306053811659192,-281.25,-0.05506642731470808,-562.5,0.9473240623683101,-2279.5,-0.45728878893402825,-0.6950090160883347,-0.41230643481765966,1872.6907062657594,0.375
Sarah baseline,2020,846.0,0.27423167848699764,-0.6456855791962175,-546.25,-0.07278056755401664,-1092.5,0.9759252525920294,-3317.0,0.07882290374298552,0.11850810446581818,0.0970203617708405,3959.693046002116,0.5
Sarah baseline,2021,789.0,0.23447401774397972,-3.8567807351077312,-3043.0,-0.05626900086104399,-6086.0,0.8457737288242971,-7856.0,-1.870213895754348,-2.470421833630568,-0.7601004928497079,3352.5945774176907,0.4166666666666667
Sarah baseline,2022,945.0,0.2783068783068783,-6.54021164021164,-6180.5,-0.06624276404543299,-12361.0,0.8103137396321674,-12553.5,-2.4273442393299343,-3.1584647480280057,-0.9692307692307691,4709.306371585449,0.08333333333333333
Sarah baseline,2023,864.0,0.24189814814814814,-0.7569444444444444,-654.0,0.1015121889602615,-1308.0,0.9669588501275671,-3996.0,-0.35548881417664896,-0.5151964328318629,-0.3161535331615353,3278.5841734554315,0.4166666666666667
Sarah baseline,2024,827.0,0.26964933494558646,-1.5317412333736398,-1266.75,0.007262908758897773,-2533.5,0.9440549403230615,-7250.5,-0.4316522065171396,-0.6059126141485968,-0.2546797587089107,3785.8086836649545,0.4166666666666667
Sarah baseline,2025,957.0,0.2852664576802508,-5.698275862068965,-5453.25,-0.040567459200246916,-10906.5,0.8391940905874027,-13423.5,-1.8564040127067596,-2.435667041692947,-0.7613056461537138,4929.775582132079,0.3333333333333333
Sarah baseline,2026,801.0,0.3620474406991261,0.22534332084893882,180.5,0.062234357361499924,361.0,1.0056370577993614,-4761.0,0.2745427919307284,0.39222771816502333,0.41390285413564143,6120.1338579946705,0.4444444444444444
First physical touch core,2019,388.0,0.2036082474226804,-0.2338917525773196,-90.75,0.06302259036914243,-181.5,0.974538823034299,-1514.5,-0.24094861572418,-0.40495262095287876,-0.23678118958922748,1377.2597788616397,0.25
First physical touch core,2020,631.0,0.24247226624405704,0.3502377179080824,221.0,-0.13887025446792128,442.0,1.0186793449550977,-2227.5,0.14958500326934454,0.23750897080849337,0.18714496431436184,2327.6611859273585,0.5833333333333334
First physical touch core,2021,648.0,0.2191358024691358,-0.24266975308641975,-157.25,-0.01216081173646491,-314.5,0.9861621383786162,-2990.5,-0.09176407812432337,-0.13934137320101087,-0.07240113556226607,2256.9119911527387,0.5
First physical touch core,2022,693.0,0.2813852813852814,1.465007215007215,1015.25,0.0817348657024622,2030.5,1.0612944124128354,-2206.5,0.6158866899732114,0.9776844953777841,0.916666968965955,3156.087539051794,0.6666666666666666
First physical touch core,2023,659.0,0.22003034901365706,2.109635811836115,1390.25,0.17391915549416315,2780.5,1.1250477839490904,-1674.0,1.143416933922583,1.992711752495306,1.8305613305613304,2487.887159352594,0.6666666666666666
First physical touch core,2024,642.0,0.2383177570093458,0.45054517133956384,289.25,0.05028108553734254,578.5,1.023166873573345,-2820.0,0.35655296415802185,0.5749188594108219,0.3444735196653112,2518.19594636634,0.4166666666666667
First physical touch core,2025,693.0,0.27705627705627706,0.8344155844155844,578.25,0.0523054129502027,1156.5,1.0334007220216606,-2434.0,0.5026381941686822,0.74194154848039,0.7099391480730223,3145.472232514101,0.5
First physical touch core,2026,500.0,0.374,4.924,2462.0,0.13863284824534824,4924.0,1.1666469244436923,-2599.5,2.0994148492089835,3.405524045348684,3.51432362547632,3913.7041635479713,0.6666666666666666
First touch + width ≤0.5 ATR,2019,263.0,0.155893536121673,1.388783269961977,365.25,0.1585774981785981,730.5,1.2120464441219159,-636.0,0.8282811380417856,2.046676947883741,1.487184976160358,1072.8157173259037,0.625
First touch + width ≤0.5 ATR,2020,374.0,0.12299465240641712,-5.643048128342246,-2110.5,-0.41842455820262286,-4221.0,0.6128055772141449,-4815.5,-3.326830515188292,-5.012850215814749,-0.9063496241701033,1279.9060592090755,0.25
First touch + width ≤0.5 ATR,2021,403.0,0.1141439205955335,-2.5589330024813894,-1031.25,-0.14365966118878146,-2062.5,0.7952751997617747,-3551.0,-1.2709269498861486,-2.272469160223784,-0.5331549026930578,1394.420738902799,0.25
First touch + width ≤0.5 ATR,2022,410.0,0.20243902439024392,1.645121951219512,674.5,0.1487625296255701,1349.0,1.0996233660734067,-1824.5,0.8117938105918007,1.5901309571119095,0.8693241804792213,1895.9721562996692,0.4166666666666667
First touch + width ≤0.5 ATR,2023,417.0,0.15347721822541965,3.2577937649880098,1358.5,0.22593221183634715,2717.0,1.2943024263431542,-1002.0,1.7808270883079294,4.301549327724875,2.8796131959091085,1562.8390718666506,0.8333333333333334
First touch + width ≤0.5 ATR,2024,399.0,0.15288220551378445,0.850250626566416,339.25,0.0193219348743553,678.5,1.064100141709967,-1626.5,0.5193254169892626,0.9673959511384295,0.5302864072805568,1516.8532720430171,0.4166666666666667
First touch + width ≤0.5 ATR,2025,417.0,0.23501199040767387,4.965827338129497,2070.75,0.1954550922389227,4141.5,1.2915625330001057,-1405.5,2.0344801338779015,4.007079933707111,3.232943076301978,1968.070335672444,0.6666666666666666
First touch + width ≤0.5 ATR,2026,292.0,0.3047945205479452,6.283390410958904,1834.75,0.14515577919897568,3669.5,1.292868829562233,-915.5,2.3285354718707936,4.502854566713766,6.079948860533241,2390.426621822595,0.7777777777777778
First touch + impulse volume <0.75,2019,96.0,0.20833333333333334,-0.96875,-93.0,0.06830346796825874,-186.0,0.8981101068200493,-682.5,-0.821808104218888,-1.5258550498692374,-0.5838305126019725,610.6076625495782,0.375
First touch + impulse volume <0.75,2020,119.0,0.20168067226890757,-1.8361344537815125,-218.5,-0.32077399117299377,-437.0,0.8995979322228604,-1244.0,-0.5109244296339058,-0.888781793922664,-0.3857164364694796,1033.5105759281853,0.5
First touch + impulse volume <0.75,2021,155.0,0.1935483870967742,-3.806451612903226,-590.0,-0.1507773420413678,-1180.0,0.7915010159908119,-1704.5,-1.1055425977133528,-1.6890235651790342,-0.6853436352363237,1120.4983175246614,0.25
First touch + impulse volume <0.75,2022,134.0,0.35074626865671643,8.925373134328359,1196.0,0.36409040830628453,2392.0,1.3882171549135762,-976.0,1.5918560135868358,3.0100424794397997,2.6823708346776054,1406.1814903062243,0.5833333333333334
First touch + impulse volume <0.75,2023,141.0,0.22695035460992907,1.74645390070922,246.25,0.10634513464577514,492.5,1.1022420593730538,-778.5,0.3910629581905037,0.7711331470483802,0.6704299913569576,1220.6376079567679,0.5833333333333334
First touch + impulse volume <0.75,2024,115.0,0.30434782608695654,7.671739130434783,882.25,0.013703694581883488,1764.5,1.454007461726489,-702.5,1.5476340541997176,3.211089564624058,2.4158756893319935,1096.6110930101781,0.6666666666666666
First touch + impulse volume <0.75,2025,137.0,0.2846715328467153,3.551094890510949,486.5,0.273290842465294,973.0,1.148007301490721,-949.0,0.7496047055672282,1.3357604532461071,1.1526033017485593,1356.9450755027024,0.5833333333333334
First touch + impulse volume <0.75,2026,96.0,0.34375,-2.0755208333333335,-199.25,0.21794996980507716,-398.5,0.9358809332260659,-2053.5,-0.02460445465640369,-0.036365844040227524,-0.020220466166412113,1687.6101442841914,0.5555555555555556
First touch + normal RVOL,2019,153.0,0.21568627450980393,1.446078431372549,221.25,0.036726314058126514,442.5,1.1793676530198622,-608.0,0.719616219803418,1.6271461714918383,0.9586417555234901,826.6033934932998,0.625
First touch + normal RVOL,2020,311.0,0.26366559485530544,1.369774919614148,426.0,-0.04762243311295769,852.0,1.0752118644067796,-1692.5,0.45042876624386496,0.7271038593398467,0.5344264057628212,1684.8069063429684,0.5
First touch + normal RVOL,2021,284.0,0.2147887323943662,-1.9269366197183098,-547.25,-0.13968235432007067,-1094.5,0.8882479068817644,-2160.5,-0.6992698855306821,-1.1385195123647107,-0.4777251184834123,1441.5035179657707,0.4166666666666667
First touch + normal RVOL,2022,389.0,0.2622107969151671,-0.6233933161953727,-242.5,-0.04429415081145576,-485.0,0.9741119325308922,-3083.0,-0.21671020490225631,-0.34644043747932923,-0.16275148401686185,2350.285116755322,0.5833333333333334
First touch + normal RVOL,2023,371.0,0.25067385444743934,5.40633423180593,2005.75,0.31636475371997,4011.5,1.3519322717901479,-1293.0,2.0473496622262437,4.073330813425608,3.0317508477601285,1914.696799710932,0.75
First touch + normal RVOL,2024,300.0,0.2633333333333333,2.4033333333333333,721.0,0.10773024136497786,1442.0,1.124584215300877,-2219.0,0.9661586257209175,1.704896935538948,0.8274152668025656,1752.6162872561003,0.6666666666666666
First touch + normal RVOL,2025,317.0,0.24290220820189273,-2.607255520504732,-826.5,-0.06446738638319308,-1653.0,0.8929404145077721,-3603.5,-0.7752055570605306,-1.1868395095143804,-0.4096856470899997,1925.5404474040163,0.3333333333333333
First touch + normal RVOL,2026,267.0,0.39325842696629215,7.897940074906367,2108.75,0.23034128144338786,4217.5,1.275221874184286,-1704.0,2.4046890013940687,4.3839074166763545,4.867670454545454,2833.937624538114,1.0
First touch + opposing room,2019,333.0,0.17117117117117117,-1.3776276276276276,-458.75,0.014642816929796933,-917.5,0.84375,-1511.5,-1.1629797632604313,-1.9948365336014708,-0.9159415353172514,1182.9476569648916,0.25
First touch + opposing room,2020,538.0,0.22676579925650558,0.7973977695167286,429.0,-0.1779325988780062,858.0,1.0479289445018574,-2090.0,0.11507969890545117,0.19819180670867284,0.11347195100301793,2035.1644043025474,0.4166666666666667
First touch + opposing room,2021,520.0,0.18846153846153846,-1.5807692307692307,-822.0,-0.048716264714635,-1644.0,0.9033424464238469,-3766.5,-0.8975386296559741,-1.4103456424632135,-0.4428725808036153,1905.1336376888582,0.4166666666666667
First touch + opposing room,2022,559.0,0.259391771019678,1.930679785330948,1079.25,0.09537641784588191,2158.5,1.088428685552756,-1966.0,0.8205113046871723,1.3421999042064605,1.0727729831144466,2680.261201548071,0.5833333333333334
First touch + opposing room,2023,530.0,0.21509433962264152,4.994339622641509,2647.0,0.21709142999575773,5294.0,1.3657719280063565,-966.0,2.5126802062477234,5.041062458041696,5.469806492883417,2094.15978725431,0.8333333333333334
First touch + opposing room,2024,519.0,0.21772639691714837,0.9518304431599229,494.0,0.04435868827055959,988.0,1.0554386555564907,-2300.5,0.5995344892412516,1.0297364231007198,0.5518148414301791,2072.7531863487316,0.5833333333333334
First touch + opposing room,2025,534.0,0.24157303370786518,-0.5374531835205992,-287.0,0.025816646434927742,-574.0,0.976628664495114,-1963.0,-0.13248048470820567,-0.1964604135907043,-0.19882589700009384,2481.562634781727,0.5833333333333334
First touch + opposing room,2026,382.0,0.36387434554973824,8.217277486910994,3139.0,0.15686615361074766,6278.0,1.3269280841535176,-1944.0,3.120105703449814,5.4195415944623315,5.6306342921572226,3128.3249585622716,0.6666666666666666
First touch + width + low volume,2019,51.0,0.17647058823529413,3.303921568627451,168.5,0.5004723024340811,337.0,1.5,-193.5,0.5391629801914877,1.5183781597754855,0.7615703430808197,427.98898001404655,0.5
First touch + width + low volume,2020,67.0,0.11940298507462686,-6.440298507462686,-431.5,-0.5258744372001524,-863.0,0.5653487786451775,-1126.0,-1.41469833656133,-2.4364032013370243,-0.6854435377730982,526.9108106397557,0.3333333333333333
First touch + width + low volume,2021,82.0,0.0975609756097561,-4.759146341463414,-390.25,-0.2669867266379288,-780.5,0.6190824792581747,-989.0,-1.1896214055744316,-2.443082189731914,-0.7398329982990567,554.740383276895,0.5
First touch + width + low volume,2022,69.0,0.2463768115942029,6.246376811594203,431.0,0.48442595894996543,862.0,1.3869809203142536,-645.5,1.0009998626824763,2.347858516459025,1.240583554376658,754.760727529729,0.6666666666666666
First touch + width + low volume,2023,82.0,0.15853658536585366,4.527439024390244,371.25,0.15816154481651934,742.5,1.4368932038834952,-358.5,1.0106658310649608,3.1785002101316655,2.0074026392018025,712.0591436197376,0.5833333333333334
First touch + width + low volume,2024,62.0,0.0967741935483871,-5.495967741935484,-340.75,-0.45561478885078666,-681.5,0.6120125249074865,-1067.5,-1.2478420780595214,-2.3348922441892417,-0.6140407958953823,525.2976808072136,0.25
First touch + width + low volume,2025,76.0,0.23684210526315788,6.0,456.0,0.48376643453764817,912.0,1.361474435196195,-553.0,0.9062238321834519,2.053818717959452,1.7671824679915167,856.0722813690336,0.5833333333333334
First touch + width + low volume,2026,59.0,0.3220338983050847,7.860169491525424,463.75,0.4365357136896937,927.5,1.3671086483277262,-451.0,1.5178366539004253,3.114811965591516,4.369136426855481,1034.8310810773112,0.7777777777777778
Sensitivity · first touch + width ≤0.4,2019,196.0,0.12755102040816327,1.8545918367346939,363.5,0.18436353786980558,727.0,1.3228241563055063,-550.0,0.9608109748136865,3.223832956771659,1.6684893603004152,919.4994014825705,0.5
Sensitivity · first touch + width ≤0.4,2020,262.0,0.09923664122137404,-4.5534351145038165,-1193.0,-0.41538166036170165,-2386.0,0.6427073974243785,-3153.0,-2.344450561133927,-4.150364277140516,-0.8133815585164247,996.9294926255563,0.25
Sensitivity · first touch + width ≤0.4,2021,317.0,0.1167192429022082,-0.5701892744479495,-180.75,-0.026317958140136228,-361.5,0.946149262624758,-1715.5,-0.09313408508269089,-0.20568868234840895,-0.07315523125809109,1150.7324487908843,0.16666666666666666
Sensitivity · first touch + width ≤0.4,2022,338.0,0.1804733727810651,1.5399408284023668,520.5,0.14098582019500133,1041.0,1.103705917513449,-1770.0,0.777703594033729,1.6777291232176343,0.7229693383539538,1595.22907458954,0.5833333333333334
Sensitivity · first touch + width ≤0.4,2023,331.0,0.13897280966767372,3.5619335347432024,1179.0,0.21585057796329096,2358.0,1.3742263132836057,-770.0,1.8209810191049993,5.139927019193042,3.1625874125874125,1337.2969197060547,0.8333333333333334
Sensitivity · first touch + width ≤0.4,2024,308.0,0.1331168831168831,1.150974025974026,354.5,0.0678581940171871,709.0,1.0999506590540635,-1293.5,0.6205430399558397,1.270478786979045,0.6843185392611916,1316.7117883330204,0.5833333333333334
Sensitivity · first touch + width ≤0.4,2025,312.0,0.20192307692307693,4.265224358974359,1330.75,0.20641556779521855,2661.5,1.2822674726906353,-930.0,1.6115999123202336,3.228717964547878,2.79743018224728,1597.8124986686819,0.75
Sensitivity · first touch + width ≤0.4,2026,208.0,0.2644230769230769,5.210336538461538,1083.75,0.11637880073136714,2167.5,1.2744713182221097,-895.5,1.729217086083153,3.409283942023178,3.9243415463041633,1821.2196237561645,0.6666666666666666
Sensitivity · first touch + width ≤0.6,2019,307.0,0.16612377850162866,0.8143322475570033,250.0,0.12196456874343217,500.0,1.1149293184691416,-786.0,0.4863464628867663,1.0996530134492701,0.7474677353191759,1132.6981133169918,0.625
Sensitivity · first touch + width ≤0.6,2020,460.0,0.1673913043478261,-2.4423913043478263,-1123.5,-0.3137512497875017,-2247.0,0.8350644107608177,-2472.5,-1.5042983451440821,-2.520693355056532,-0.9406675228175405,1562.9868110087195,0.3333333333333333
Sensitivity · first touch + width ≤0.6,2021,470.0,0.14468085106382977,-0.9840425531914894,-462.5,-0.04420663132254361,-925.0,0.9279538904899135,-2536.5,-0.4249439453473767,-0.7154968946143132,-0.2959732255084579,1585.929254579316,0.4166666666666667
Sensitivity · first touch + width ≤0.6,2022,465.0,0.210752688172043,1.4618279569892474,679.75,0.13398679704295746,1359.5,1.083147304363781,-1605.5,0.7561080650045748,1.4256326530523133,0.9985919333647338,2049.066074445338,0.5
Sensitivity · first touch + width ≤0.6,2023,468.0,0.17307692307692307,4.4631410256410255,2088.75,0.2561844919495547,4177.5,1.3857696924923815,-845.5,2.440326952543614,5.668205535119736,4.965946413137425,1720.5512924943419,0.8333333333333334
Sensitivity · first touch + width ≤0.6,2024,464.0,0.1724137931034483,1.253771551724138,581.75,0.050673816530229815,1163.5,1.0885969921949363,-1352.0,0.7983830085160275,1.4671827523657004,1.0827741707641738,1714.926199990405,0.5833333333333334
Sensitivity · first touch + width ≤0.6,2025,493.0,0.23935091277890466,3.7281947261663286,1838.0,0.14506365057363574,3676.0,1.1983917102919748,-1425.0,1.652716440800732,2.9615437597746137,2.9462359581959423,2199.80577590935,0.6666666666666666
Sensitivity · first touch + width ≤0.6,2026,354.0,0.3418079096045198,8.385593220338983,2968.5,0.1755051471012465,5937.0,1.3690098825284356,-942.5,3.3032298349141977,6.488612386395253,10.345962460681688,2760.92381241398,0.7777777777777778
Sensitivity · first touch + volume <0.5,2019,30.0,0.13333333333333333,-8.85,-265.5,-0.477239701009233,-531.0,0.24734231041814317,-531.0,-3.4403190187962744,-3.760659266691651,-1.4651162790697674,217.40479774657993,0.0
Sensitivity · first touch + volume <0.5,2020,41.0,0.2682926829268293,4.7926829268292686,196.5,-0.26007150631554443,393.0,1.2957110609480813,-537.5,0.3089908829620535,0.6526192549988438,0.2778945924944005,600.7736733418661,0.4166666666666667
Sensitivity · first touch + volume <0.5,2021,42.0,0.23809523809523808,1.4761904761904763,62.0,0.431172680071169,124.0,1.0778894472361809,-489.5,0.018354423642285796,0.03329285164190181,0.020542920029347028,657.5507764480451,0.3333333333333333
Sensitivity · first touch + volume <0.5,2022,32.0,0.28125,-1.21875,-39.0,0.1460132181696046,-78.0,0.9584664536741214,-890.5,-0.36399901147243646,-0.5546695522947266,-0.302578499546495,740.2386966827174,0.3333333333333333
Sensitivity · first touch + volume <0.5,2023,40.0,0.15,-3.96875,-158.75,-0.20947858400531497,-317.5,0.7664582567120265,-370.0,-0.5893342002886158,-1.1131165569974637,-0.8317047817047818,522.166826700476,0.3333333333333333
Sensitivity · first touch + volume <0.5,2024,32.0,0.34375,15.8828125,508.25,0.48580748147867225,1016.5,1.9603212092583846,-283.5,1.4214677546016077,3.354882163916035,3.448685326547922,687.8117965822975,0.5
Sensitivity · first touch + volume <0.5,2025,23.0,0.2608695652173913,3.108695652173913,71.5,0.08701272327995553,143.0,1.1352885525070955,-248.5,0.32149650536294433,0.6191143906189805,0.7304516755706654,564.6009780865008,0.4166666666666667
Sensitivity · first touch + volume <0.5,2026,11.0,0.36363636363636365,11.636363636363637,128.0,0.4317417267037307,256.0,1.4705882352941178,-221.0,0.6651585093572372,1.3530428364796594,1.6585767174002468,551.064820473632,0.3333333333333333
Sensitivity · first touch + volume <1.0,2019,148.0,0.20945945945945946,-0.8429054054054054,-124.75,-0.020796146747146308,-249.5,0.9047709923664122,-818.0,-0.793720359044808,-1.4835472055272019,-0.5978263410073624,749.4291944560606,0.5
Sensitivity · first touch + volume <1.0,2020,247.0,0.2145748987854251,-1.0880566801619433,-268.75,-0.3149635445499568,-537.5,0.9384941068772171,-2116.0,-0.5017492911916047,-0.8518667955980171,-0.33944476774038956,1508.6455434014856,0.4166666666666667
Sensitivity · first touch + volume <1.0,2021,285.0,0.22807017543859648,0.8429824561403508,240.25,0.014668424312138459,480.5,1.0499843961302402,-1111.5,0.25448482854444227,0.4094882972723858,0.38204916680415774,1568.8219277897854,0.5
Sensitivity · first touch + volume <1.0,2022,276.0,0.3115942028985507,2.8949275362318843,799.0,0.16121418831429704,1598.0,1.1244063838069287,-1346.0,0.8426057853347882,1.412044239730396,1.2524278846153845,1902.5595601277978,0.5
Sensitivity · first touch + volume <1.0,2023,257.0,0.19844357976653695,-1.0914396887159532,-280.5,0.022890483226899395,-561.0,0.9374337812970501,-1705.5,-0.3210618447926393,-0.5812239155250233,-0.3107570282066926,1586.3945762839717,0.4166666666666667
Sensitivity · first touch + volume <1.0,2024,240.0,0.30833333333333335,8.132291666666667,1951.75,0.23641303142357892,3903.5,1.4754567600487212,-758.5,2.3016016855880213,4.857480989537046,5.137590765220629,1693.1090291690778,0.75
Sensitivity · first touch + volume <1.0,2025,288.0,0.2673611111111111,0.8411458333333334,242.25,0.04036821373940705,484.5,1.0350477430555556,-2045.5,0.27393110671764576,0.4679950442809857,0.2764212016110009,1991.4395554266198,0.5833333333333334
Sensitivity · first touch + volume <1.0,2026,223.0,0.3901345291479821,8.253363228699552,1840.5,0.2437705970678927,3681.0,1.2892162639952858,-1204.0,2.348216637634128,3.977936686235134,5.79725138302043,2576.181311906866,0.8888888888888888
