trade_id,zone_id,direction,timeframe,zone_formed_at,zone_available_at,zone_proximal,zone_distal,entry_time,entry_price,stop_price,target_price,exit_time,exit_price,exit_reason,points,pnl,first_touch_prior_5m_rvol
1322,7863,short,1h,2025-12-31 19:00:00+00:00,2025-12-31 20:00:00+00:00,25581.75,25634.75,2026-01-02 02:23:00+00:00,25581.75,25635.75,25481.75,2026-01-02 04:25:00+00:00,25635.75,stop,-54.0,-108.0,1.008398302278679
1323,7865,long,1h,2026-01-02 14:00:00+00:00,2026-01-02 15:00:00+00:00,25702.5,25638.0,2026-01-02 15:08:00+00:00,25702.5,25637.0,25802.5,2026-01-02 15:12:00+00:00,25637.0,stop,-65.5,-131.0,1.1342904300181091
1324,7869,long,1h,2026-01-05 04:00:00+00:00,2026-01-05 05:00:00+00:00,25474.0,25456.0,2026-01-05 05:08:00+00:00,25474.0,25455.0,25574.0,2026-01-05 11:48:00+00:00,25574.0,target,100.0,200.0,0.8234701586502141
1325,7879,long,1h,2026-01-07 13:00:00+00:00,2026-01-07 14:00:00+00:00,25767.25,25753.25,2026-01-07 14:05:00+00:00,25767.25,25752.25,25867.25,2026-01-07 14:46:00+00:00,25867.25,target,100.0,200.0,0.8967632027257241
1326,7855,short,1h,2025-12-29 01:00:00+00:00,2025-12-29 02:00:00+00:00,25871.0,25893.5,2026-01-07 14:48:00+00:00,25871.0,25894.5,25771.0,2026-01-07 15:35:00+00:00,25894.5,stop,-23.5,-47.0,1.1834510273894674
1327,7883,short,1h,2026-01-08 05:00:00+00:00,2026-01-08 06:00:00+00:00,25776.5,25793.5,2026-01-08 07:23:00+00:00,25776.5,25794.5,25676.5,2026-01-08 07:24:00+00:00,25794.5,stop,-18.0,-36.0,1.1617729567982047
1328,7896,long,1h,2026-01-13 13:00:00+00:00,2026-01-13 14:00:00+00:00,25900.5,25886.5,2026-01-13 15:02:00+00:00,25900.5,25885.5,26000.5,2026-01-13 15:15:00+00:00,25885.5,stop,-15.0,-30.0,1.0193820517549699
1329,7898,short,1h,2026-01-14 08:00:00+00:00,2026-01-14 09:00:00+00:00,25860.75,25876.0,2026-01-14 09:00:00+00:00,25860.75,25877.0,25760.75,2026-01-14 09:10:00+00:00,25877.0,stop,-16.25,-32.5,1.0134340890008395
1330,7907,long,1h,2026-01-16 06:00:00+00:00,2026-01-16 07:00:00+00:00,25810.25,25802.25,2026-01-16 07:33:00+00:00,25810.25,25801.25,25910.25,2026-01-16 08:40:00+00:00,25801.25,stop,-9.0,-18.0,0.845936753744844
1331,7918,short,1h,2026-01-20 17:00:00+00:00,2026-01-20 18:00:00+00:00,25363.0,25430.0,2026-01-21 15:16:00+00:00,25363.0,25431.0,25263.0,2026-01-21 15:35:00+00:00,25431.0,stop,-68.0,-136.0,1.2040818020350912
1332,7928,short,1h,2026-01-22 14:00:00+00:00,2026-01-22 15:00:00+00:00,25690.75,25739.75,2026-01-22 16:45:00+00:00,25690.75,25740.75,25590.75,2026-01-22 20:35:00+00:00,25590.75,target,100.0,200.0,0.8050375393557763
1333,7932,long,1h,2026-01-26 07:00:00+00:00,2026-01-26 08:00:00+00:00,25674.75,25665.0,2026-01-26 09:30:00+00:00,25674.75,25664.0,25774.75,2026-01-26 09:31:00+00:00,25664.0,stop,-10.75,-21.5,0.8955369086708014
1334,7935,short,1h,2026-01-26 19:00:00+00:00,2026-01-26 20:00:00+00:00,25891.0,25932.75,2026-01-26 20:09:00+00:00,25891.0,25933.75,25791.0,2026-01-26 21:00:00+00:00,25843.25,timed_close,47.75,95.5,0.7811036519754124
1335,7937,short,1h,2026-01-27 08:00:00+00:00,2026-01-27 09:00:00+00:00,26002.5,26020.75,2026-01-27 10:46:00+00:00,26002.5,26021.75,25902.5,2026-01-27 11:34:00+00:00,26021.75,stop,-19.25,-38.5,0.8644177748945832
1336,7938,long,1h,2026-01-27 10:00:00+00:00,2026-01-27 11:00:00+00:00,25983.5,25967.0,2026-01-27 13:52:00+00:00,25983.5,25966.0,26083.5,2026-01-27 14:30:00+00:00,25966.0,stop,-17.5,-35.0,0.7899752145276442
1337,7952,short,1h,2026-01-30 16:00:00+00:00,2026-01-30 17:00:00+00:00,25826.75,25934.25,2026-02-02 15:07:00+00:00,25826.75,25926.75,25726.75,2026-02-02 17:32:00+00:00,25926.75,stop,-100.0,-200.0,0.995837543414157
1338,7957,short,1h,2026-02-03 02:00:00+00:00,2026-02-03 03:00:00+00:00,25952.5,25990.75,2026-02-03 03:40:00+00:00,25952.5,25991.75,25852.5,2026-02-03 05:49:00+00:00,25991.75,stop,-39.25,-78.5,0.7697594501718213
1339,7958,long,1h,2026-02-03 12:00:00+00:00,2026-02-03 13:00:00+00:00,25955.75,25922.75,2026-02-03 14:06:00+00:00,25955.75,25921.75,26055.75,2026-02-03 14:30:00+00:00,25921.75,stop,-34.0,-68.0,0.7738012217914028
1340,7955,long,1h,2026-02-02 07:00:00+00:00,2026-02-02 08:00:00+00:00,25249.75,25180.25,2026-02-03 18:59:00+00:00,25249.75,25179.25,25349.75,2026-02-03 19:20:00+00:00,25349.75,target,100.0,200.0,1.2490827156541653
1341,7971,short,1h,2026-02-09 09:00:00+00:00,2026-02-09 10:00:00+00:00,25159.25,25214.75,2026-02-09 14:45:00+00:00,25159.25,25215.75,25059.25,2026-02-09 15:14:00+00:00,25215.75,stop,-56.5,-113.0,0.7594314699985568
1342,7979,long,1h,2026-02-12 03:00:00+00:00,2026-02-12 04:00:00+00:00,25301.5,25269.0,2026-02-12 06:35:00+00:00,25301.5,25268.0,25401.5,2026-02-12 13:40:00+00:00,25401.5,target,100.0,200.0,1.1728970221013009
1343,7986,short,1h,2026-02-13 03:00:00+00:00,2026-02-13 04:00:00+00:00,24786.75,24832.25,2026-02-13 04:16:00+00:00,24786.75,24833.25,24686.75,2026-02-13 06:25:00+00:00,24686.75,target,100.0,200.0,0.9241945672773215
1344,7987,short,1h,2026-02-13 05:00:00+00:00,2026-02-13 06:00:00+00:00,24750.25,24803.25,2026-02-13 07:17:00+00:00,24750.25,24804.25,24650.25,2026-02-13 09:24:00+00:00,24804.25,stop,-54.0,-108.0,1.1941173596521228
1345,7995,short,1h,2026-02-16 13:00:00+00:00,2026-02-16 14:00:00+00:00,24863.25,24881.0,2026-02-17 18:55:00+00:00,24863.25,24882.0,24763.25,2026-02-17 19:36:00+00:00,24882.0,stop,-18.75,-37.5,1.1685724699719429
1346,7993,short,1h,2026-02-16 10:00:00+00:00,2026-02-16 11:00:00+00:00,24895.25,24922.25,2026-02-18 08:16:00+00:00,24895.25,24923.25,24795.25,2026-02-18 09:12:00+00:00,24923.25,stop,-28.0,-56.0,1.078088026502603
1347,8006,short,1h,2026-02-19 04:00:00+00:00,2026-02-19 05:00:00+00:00,24979.75,24999.5,2026-02-19 05:30:00+00:00,24979.75,25000.5,24879.75,2026-02-19 05:48:00+00:00,25000.5,stop,-20.75,-41.5,1.1290664032178392
1348,8017,short,1h,2026-02-24 05:00:00+00:00,2026-02-24 06:00:00+00:00,24873.0,24890.25,2026-02-24 12:03:00+00:00,24873.0,24891.25,24773.0,2026-02-24 12:06:00+00:00,24891.25,stop,-18.25,-36.5,0.9589068542004768
1349,8018,long,1h,2026-02-24 13:00:00+00:00,2026-02-24 14:00:00+00:00,24832.75,24796.25,2026-02-24 14:20:00+00:00,24832.75,24795.25,24932.75,2026-02-24 14:30:00+00:00,24795.25,stop,-37.5,-75.0,0.8258062513579788
1350,8016,long,1h,2026-02-23 20:00:00+00:00,2026-02-23 21:00:00+00:00,24727.5,24678.5,2026-02-24 14:33:00+00:00,24727.5,24677.5,24827.5,2026-02-24 14:40:00+00:00,24827.5,target,100.0,200.0,1.1619569029137902
1351,8021,short,1h,2026-02-25 03:00:00+00:00,2026-02-25 04:00:00+00:00,25102.75,25118.0,2026-02-25 11:35:00+00:00,25102.75,25119.0,25002.75,2026-02-25 11:46:00+00:00,25119.0,stop,-16.25,-32.5,0.87861760405841
1352,7983,short,1h,2026-02-12 14:00:00+00:00,2026-02-12 15:00:00+00:00,25356.75,25420.0,2026-02-25 15:00:00+00:00,25356.75,25421.0,25256.75,2026-02-25 21:00:00+00:00,25381.75,timed_close,-25.0,-50.0,0.9323508596644603
1353,8027,long,1h,2026-02-26 05:00:00+00:00,2026-02-26 06:00:00+00:00,25301.0,25281.5,2026-02-26 14:30:00+00:00,25301.0,25280.5,25401.0,2026-02-26 14:31:00+00:00,25280.5,stop,-20.5,-41.0,0.9381241656231566
1354,8031,short,1h,2026-02-26 21:00:00+00:00,2026-02-26 22:00:00+00:00,25063.0,25093.75,2026-02-27 07:22:00+00:00,25063.0,25094.75,24963.0,2026-02-27 09:18:00+00:00,25094.75,stop,-31.75,-63.5,0.8775614463302491
1355,8036,short,1h,2026-03-02 18:00:00+00:00,2026-03-02 19:00:00+00:00,25033.25,25076.5,2026-03-02 19:10:00+00:00,25033.25,25077.5,24933.25,2026-03-02 19:16:00+00:00,25077.5,stop,-44.25,-88.5,0.9523204714608682
1356,8041,long,1h,2026-03-03 18:00:00+00:00,2026-03-03 19:00:00+00:00,24671.5,24601.75,2026-03-03 23:06:00+00:00,24671.5,24600.75,24771.5,2026-03-04 00:18:00+00:00,24771.5,target,100.0,200.0,0.867301277357416
1357,8066,short,1h,2026-03-10 18:00:00+00:00,2026-03-10 19:00:00+00:00,25156.25,25217.75,2026-03-11 14:00:00+00:00,25156.25,25218.75,25056.25,2026-03-11 14:16:00+00:00,25056.25,target,100.0,200.0,0.915263251995631
1358,8071,long,1h,2026-03-12 05:00:00+00:00,2026-03-12 06:00:00+00:00,24728.75,24709.25,2026-03-12 13:45:00+00:00,24728.75,24708.25,24828.75,2026-03-12 13:46:00+00:00,24708.25,stop,-20.5,-41.0,0.8017540680261727
1359,8074,short,1h,2026-03-13 02:00:00+00:00,2026-03-13 03:00:00+00:00,24626.0,24661.25,2026-03-13 03:47:00+00:00,24626.0,24662.25,24526.0,2026-03-13 06:37:00+00:00,24526.0,target,100.0,200.0,1.1071358142941659
1360,8058,long,1h,2026-03-09 14:00:00+00:00,2026-03-09 15:00:00+00:00,24380.0,24313.25,2026-03-13 17:49:00+00:00,24380.0,24312.25,24480.0,2026-03-13 20:00:00+00:00,24385.75,timed_close,5.75,11.5,1.0658224325076537
1361,8104,short,1h,2026-03-19 23:00:00+00:00,2026-03-20 00:00:00+00:00,24629.25,24658.5,2026-03-20 00:01:00+00:00,24629.25,24659.5,24529.25,2026-03-20 01:46:00+00:00,24659.5,stop,-30.25,-60.5,1.0454325220826657
1362,8108,long,1h,2026-03-20 15:00:00+00:00,2026-03-20 16:00:00+00:00,24285.75,24231.5,2026-03-20 16:30:00+00:00,24285.75,24230.5,24385.75,2026-03-20 17:05:00+00:00,24230.5,stop,-55.25,-110.5,1.0167215501665365
1363,8117,short,1h,2026-03-24 23:00:00+00:00,2026-03-25 00:00:00+00:00,24422.5,24457.5,2026-03-25 00:11:00+00:00,24422.5,24458.5,24322.5,2026-03-25 00:32:00+00:00,24458.5,stop,-36.0,-72.0,0.7574543738545451
1364,8118,long,1h,2026-03-25 00:00:00+00:00,2026-03-25 01:00:00+00:00,24426.25,24383.25,2026-03-25 01:31:00+00:00,24426.25,24382.25,24526.25,2026-03-25 02:00:00+00:00,24382.25,stop,-44.0,-88.0,0.9113988863524843
1365,8121,long,1h,2026-03-25 11:00:00+00:00,2026-03-25 12:00:00+00:00,24454.5,24426.5,2026-03-25 12:16:00+00:00,24454.5,24425.5,24554.5,2026-03-25 12:23:00+00:00,24425.5,stop,-29.0,-58.0,1.1002222153953285
1366,8124,short,1h,2026-03-26 11:00:00+00:00,2026-03-26 12:00:00+00:00,24155.5,24202.5,2026-03-26 13:17:00+00:00,24155.5,24203.5,24055.5,2026-03-26 13:51:00+00:00,24203.5,stop,-48.0,-96.0,0.9866260060839156
1367,8127,short,1h,2026-03-27 00:00:00+00:00,2026-03-27 01:00:00+00:00,23869.25,23909.75,2026-03-27 01:31:00+00:00,23869.25,23910.75,23769.25,2026-03-27 04:55:00+00:00,23910.75,stop,-41.5,-83.0,0.9175419533985271
1368,7499,long,1h,2025-09-07 22:00:00+00:00,2025-09-07 23:00:00+00:00,23691.0,23650.5,2026-03-27 10:38:00+00:00,23691.0,23649.5,23791.0,2026-03-27 10:55:00+00:00,23649.5,stop,-41.5,-83.0,1.0947410335902614
1369,8131,short,1h,2026-03-27 12:00:00+00:00,2026-03-27 13:00:00+00:00,23649.75,23689.25,2026-03-27 13:25:00+00:00,23649.75,23690.25,23549.75,2026-03-27 13:35:00+00:00,23549.75,target,100.0,200.0,1.198166422277705
1370,7493,long,1h,2025-09-04 14:00:00+00:00,2025-09-04 15:00:00+00:00,23484.75,23410.0,2026-03-27 13:56:00+00:00,23484.75,23409.0,23584.75,2026-03-27 15:31:00+00:00,23584.75,target,100.0,200.0,1.0975619336724032
1371,8132,short,1h,2026-03-29 23:00:00+00:00,2026-03-30 00:00:00+00:00,23191.5,23242.0,2026-03-30 00:19:00+00:00,23191.5,23243.0,23091.5,2026-03-30 00:20:00+00:00,23243.0,stop,-51.5,-103.0,1.0429213673763678
1372,8129,short,1h,2026-03-27 06:00:00+00:00,2026-03-27 07:00:00+00:00,23916.5,23975.75,2026-03-31 19:40:00+00:00,23916.5,23976.75,23816.5,2026-03-31 20:00:00+00:00,23918.5,timed_close,-2.0,-4.0,0.9292954012440093
1373,8122,short,1h,2026-03-25 18:00:00+00:00,2026-03-25 19:00:00+00:00,24422.25,24493.75,2026-04-06 14:00:00+00:00,24422.25,24494.75,24322.25,2026-04-06 14:04:00+00:00,24322.25,target,100.0,200.0,0.7558549072292219
1374,8159,short,1h,2026-04-07 18:00:00+00:00,2026-04-07 19:00:00+00:00,24202.0,24299.25,2026-04-07 19:18:00+00:00,24202.0,24300.25,24102.0,2026-04-07 19:45:00+00:00,24300.25,stop,-98.25,-196.5,1.196079402455551
1375,8162,long,1h,2026-04-08 08:00:00+00:00,2026-04-08 09:00:00+00:00,25171.25,25134.25,2026-04-08 12:21:00+00:00,25171.25,25133.25,25271.25,2026-04-08 13:33:00+00:00,25133.25,stop,-38.0,-76.0,1.115487450766179
1376,8161,long,1h,2026-04-08 04:00:00+00:00,2026-04-08 05:00:00+00:00,25111.25,25086.25,2026-04-08 13:40:00+00:00,25111.25,25085.25,25211.25,2026-04-08 13:51:00+00:00,25085.25,stop,-26.0,-52.0,1.2300807027446334
1377,8163,short,1h,2026-04-08 13:00:00+00:00,2026-04-08 14:00:00+00:00,25209.75,25257.25,2026-04-09 16:01:00+00:00,25209.75,25258.25,25109.75,2026-04-09 16:03:00+00:00,25258.25,stop,-48.5,-97.0,1.0812104469600359
1378,8171,long,1h,2026-04-10 12:00:00+00:00,2026-04-10 13:00:00+00:00,25272.25,25261.0,2026-04-10 14:10:00+00:00,25272.25,25260.0,25372.25,2026-04-10 14:32:00+00:00,25372.25,target,100.0,200.0,0.7766226717104862
1379,7949,short,1h,2026-01-29 14:00:00+00:00,2026-01-29 15:00:00+00:00,26175.25,26204.0,2026-04-15 14:56:00+00:00,26175.25,26205.0,26075.25,2026-04-15 15:42:00+00:00,26205.0,stop,-29.75,-59.5,0.7549038526368161
1380,7945,short,1h,2026-01-28 12:00:00+00:00,2026-01-28 13:00:00+00:00,26317.25,26326.75,2026-04-15 19:05:00+00:00,26317.25,26327.75,26217.25,2026-04-15 19:11:00+00:00,26327.75,stop,-10.5,-21.0,0.927918903415269
1381,7650,short,1h,2025-10-30 04:00:00+00:00,2025-10-30 05:00:00+00:00,26356.75,26399.5,2026-04-15 19:35:00+00:00,26356.75,26400.5,26256.75,2026-04-15 20:00:00+00:00,26344.0,timed_close,12.75,25.5,0.8446294245675665
1382,8189,long,1h,2026-04-16 05:00:00+00:00,2026-04-16 06:00:00+00:00,26443.0,26416.5,2026-04-16 08:04:00+00:00,26443.0,26415.5,26543.0,2026-04-16 08:35:00+00:00,26415.5,stop,-27.5,-55.0,0.9256483439765096
1383,8190,short,1h,2026-04-16 10:00:00+00:00,2026-04-16 11:00:00+00:00,26440.5,26466.0,2026-04-16 13:29:00+00:00,26440.5,26467.0,26340.5,2026-04-16 13:51:00+00:00,26340.5,target,100.0,200.0,0.8897525056248722
1384,8197,long,1h,2026-04-17 14:00:00+00:00,2026-04-17 15:00:00+00:00,26741.25,26629.5,2026-04-17 17:24:00+00:00,26741.25,26641.25,26841.25,2026-04-17 20:00:00+00:00,26830.5,timed_close,89.25,178.5,0.9497640718660812
1385,8196,long,1h,2026-04-17 11:00:00+00:00,2026-04-17 12:00:00+00:00,26536.75,26504.0,2026-04-19 22:00:00+00:00,26536.75,26503.0,26636.75,2026-04-19 22:03:00+00:00,26636.75,target,100.0,200.0,0.9239056506243709
1386,8199,long,1h,2026-04-20 01:00:00+00:00,2026-04-20 02:00:00+00:00,26658.25,26616.0,2026-04-20 04:36:00+00:00,26658.25,26615.0,26758.25,2026-04-20 05:44:00+00:00,26615.0,stop,-43.25,-86.5,0.7961647727272727
1387,8209,long,1h,2026-04-22 17:00:00+00:00,2026-04-22 18:00:00+00:00,26980.75,26958.0,2026-04-22 19:01:00+00:00,26980.75,26957.0,27080.75,2026-04-22 19:54:00+00:00,27080.75,target,100.0,200.0,0.8512400925240735
1388,8213,short,1h,2026-04-23 08:00:00+00:00,2026-04-23 09:00:00+00:00,26991.0,27014.0,2026-04-23 11:08:00+00:00,26991.0,27015.0,26891.0,2026-04-23 11:47:00+00:00,27015.0,stop,-24.0,-48.0,0.7913000851415155
1389,8216,long,1h,2026-04-24 07:00:00+00:00,2026-04-24 08:00:00+00:00,27086.25,27066.0,2026-04-24 08:03:00+00:00,27086.25,27065.0,27186.25,2026-04-24 09:22:00+00:00,27065.0,stop,-21.25,-42.5,0.9974863741569399
1390,8229,short,1h,2026-04-29 09:00:00+00:00,2026-04-29 10:00:00+00:00,27238.5,27271.0,2026-04-29 10:03:00+00:00,27238.5,27272.0,27138.5,2026-04-29 10:22:00+00:00,27272.0,stop,-33.5,-67.0,1.0751392136537858
1391,8230,long,1h,2026-04-29 10:00:00+00:00,2026-04-29 11:00:00+00:00,27241.75,27211.5,2026-04-29 11:43:00+00:00,27241.75,27210.5,27341.75,2026-04-29 12:30:00+00:00,27210.5,stop,-31.25,-62.5,1.2414986043951723
1392,8242,short,1h,2026-05-01 04:00:00+00:00,2026-05-01 05:00:00+00:00,27642.0,27673.75,2026-05-01 13:30:00+00:00,27642.0,27674.75,27542.0,2026-05-01 13:31:00+00:00,27674.75,stop,-32.75,-65.5,1.0272534876689845
1393,8260,long,1h,2026-05-07 01:00:00+00:00,2026-05-07 02:00:00+00:00,28670.0,28637.5,2026-05-07 02:12:00+00:00,28670.0,28636.5,28770.0,2026-05-07 07:08:00+00:00,28770.0,target,100.0,200.0,0.9221713538260301
1394,8266,long,1h,2026-05-11 01:00:00+00:00,2026-05-11 02:00:00+00:00,29304.25,29250.5,2026-05-11 04:09:00+00:00,29304.25,29249.5,29404.25,2026-05-11 13:32:00+00:00,29404.25,target,100.0,200.0,0.938246901228392
1395,8271,short,1h,2026-05-12 10:00:00+00:00,2026-05-12 11:00:00+00:00,29214.0,29248.25,2026-05-12 11:00:00+00:00,29214.0,29249.25,29114.0,2026-05-12 12:30:00+00:00,29114.0,target,100.0,200.0,1.1468114553390822
1396,8278,short,1h,2026-05-14 07:00:00+00:00,2026-05-14 08:00:00+00:00,29603.5,29640.25,2026-05-14 08:15:00+00:00,29603.5,29641.25,29503.5,2026-05-14 09:37:00+00:00,29503.5,target,100.0,200.0,0.8954428947105623
1397,8280,short,1h,2026-05-14 18:00:00+00:00,2026-05-14 19:00:00+00:00,29727.75,29755.5,2026-05-14 19:01:00+00:00,29727.75,29756.5,29627.75,2026-05-14 20:00:00+00:00,29691.0,timed_close,36.75,73.5,1.120948980374445
1398,8287,long,1h,2026-05-18 06:00:00+00:00,2026-05-18 07:00:00+00:00,29050.5,28990.0,2026-05-18 11:10:00+00:00,29050.5,28989.0,29150.5,2026-05-18 11:36:00+00:00,29150.5,target,100.0,200.0,1.0247700553631691
1399,8291,long,1h,2026-05-19 06:00:00+00:00,2026-05-19 07:00:00+00:00,28961.75,28885.0,2026-05-19 09:15:00+00:00,28961.75,28884.0,29061.75,2026-05-19 09:31:00+00:00,28884.0,stop,-77.75,-155.5,0.8328556219801818
1400,8297,short,1h,2026-05-20 02:00:00+00:00,2026-05-20 03:00:00+00:00,28938.5,29017.0,2026-05-20 04:14:00+00:00,28938.5,29018.0,28838.5,2026-05-20 06:19:00+00:00,29018.0,stop,-79.5,-159.0,1.1509191539830006
1401,8299,long,1h,2026-05-20 08:00:00+00:00,2026-05-20 09:00:00+00:00,29039.0,29014.25,2026-05-20 13:36:00+00:00,29039.0,29013.25,29139.0,2026-05-20 13:44:00+00:00,29139.0,target,100.0,200.0,0.9818831625572686
1402,8306,short,1h,2026-05-21 12:00:00+00:00,2026-05-21 13:00:00+00:00,29246.0,29293.75,2026-05-21 13:30:00+00:00,29246.0,29294.75,29146.0,2026-05-21 13:54:00+00:00,29294.75,stop,-48.75,-97.5,1.0795290936178914
1403,8311,short,1h,2026-05-22 05:00:00+00:00,2026-05-22 06:00:00+00:00,29572.5,29606.75,2026-05-22 06:16:00+00:00,29572.5,29607.75,29472.5,2026-05-22 08:02:00+00:00,29607.75,stop,-35.25,-70.5,1.1626006293163336
1404,8330,long,1h,2026-05-27 07:00:00+00:00,2026-05-27 08:00:00+00:00,30103.5,30055.5,2026-05-27 13:36:00+00:00,30103.5,30054.5,30203.5,2026-05-27 13:38:00+00:00,30054.5,stop,-49.0,-98.0,1.2168728840346248
1405,8332,long,1h,2026-05-27 16:00:00+00:00,2026-05-27 17:00:00+00:00,29940.75,29877.25,2026-05-27 17:07:00+00:00,29940.75,29876.25,30040.75,2026-05-27 18:26:00+00:00,30040.75,target,100.0,200.0,1.047905029888147
1406,8333,long,1h,2026-05-27 18:00:00+00:00,2026-05-27 19:00:00+00:00,29989.5,29895.0,2026-05-27 23:45:00+00:00,29989.5,29894.0,30089.5,2026-05-28 00:58:00+00:00,30089.5,target,100.0,200.0,0.8398486759142497
1407,8334,short,1h,2026-05-28 02:00:00+00:00,2026-05-28 03:00:00+00:00,30071.0,30080.75,2026-05-28 13:00:00+00:00,30071.0,30081.75,29971.0,2026-05-28 13:01:00+00:00,30081.75,stop,-10.75,-21.5,0.9923398032664235
