session_date,net_pnl_dollars,equity_dollars
2020-01-02,0.0,0.0
2020-01-06,0.0,0.0
2020-01-07,0.0,0.0
2020-01-08,3.0,3.0
2020-01-09,0.0,3.0
2020-01-13,0.0,3.0
2020-01-14,0.0,3.0
2020-01-15,0.0,3.0
2020-01-16,0.0,3.0
2020-01-21,0.0,3.0
2020-01-22,2.0,5.0
2020-01-23,0.0,5.0
2020-01-27,0.0,5.0
2020-01-28,0.0,5.0
2020-01-29,0.0,5.0
2020-01-30,0.0,5.0
2020-02-03,0.0,5.0
2020-02-04,0.0,5.0
2020-02-05,0.0,5.0
2020-02-06,1.0,6.0
2020-02-10,0.0,6.0
2020-02-11,0.0,6.0
2020-02-12,0.0,6.0
2020-02-13,0.0,6.0
2020-02-18,2.5,8.5
2020-02-19,0.0,8.5
2020-02-20,0.0,8.5
2020-02-24,0.0,8.5
2020-02-25,0.0,8.5
2020-02-26,0.0,8.5
2020-02-27,0.0,8.5
2020-03-02,0.0,8.5
2020-03-03,0.0,8.5
2020-03-04,0.0,8.5
2020-03-05,1.5,10.0
2020-03-09,0.0,10.0
2020-03-10,0.0,10.0
2020-03-11,0.0,10.0
2020-03-12,0.0,10.0
2020-03-16,0.0,10.0
2020-03-17,0.0,10.0
2020-03-18,0.0,10.0
2020-03-19,0.0,10.0
2020-03-23,0.0,10.0
2020-03-24,0.0,10.0
2020-03-25,0.0,10.0
2020-03-26,0.0,10.0
2020-03-30,-1.0,9.0
2020-03-31,0.0,9.0
2020-04-01,0.0,9.0
2020-04-02,3.0,12.0
2020-04-06,0.0,12.0
2020-04-07,0.0,12.0
2020-04-08,0.0,12.0
2020-04-13,0.0,12.0
2020-04-14,3.0,15.0
2020-04-15,0.0,15.0
2020-04-16,0.0,15.0
2020-04-20,0.0,15.0
2020-04-21,0.0,15.0
2020-04-22,2.5,17.5
2020-04-23,0.0,17.5
2020-04-27,2.0,19.5
2020-04-28,0.0,19.5
2020-04-29,0.0,19.5
2020-04-30,0.0,19.5
2020-05-04,0.0,19.5
2020-05-05,0.0,19.5
2020-05-06,0.0,19.5
2020-05-07,0.0,19.5
2020-05-11,0.5,20.0
2020-05-12,0.0,20.0
2020-05-13,0.0,20.0
2020-05-14,0.0,20.0
2020-05-18,0.0,20.0
2020-05-19,0.0,20.0
2020-05-20,3.0,23.0
2020-05-21,2.0,25.0
2020-05-26,0.0,25.0
2020-05-27,0.0,25.0
2020-05-28,0.0,25.0
2020-06-01,0.0,25.0
2020-06-02,0.0,25.0
2020-06-03,0.0,25.0
2020-06-04,0.0,25.0
2020-06-08,0.0,25.0
2020-06-09,0.0,25.0
2020-06-10,0.0,25.0
2020-06-11,0.0,25.0
2020-06-15,4.0,29.0
2020-06-16,0.0,29.0
2020-06-17,0.0,29.0
2020-06-18,0.0,29.0
2020-06-22,0.0,29.0
2020-06-23,0.0,29.0
2020-06-24,0.0,29.0
2020-06-25,0.0,29.0
2020-06-29,0.0,29.0
2020-07-01,0.0,29.0
2020-07-02,0.0,29.0
2020-07-06,0.0,29.0
2020-07-07,0.0,29.0
2020-07-08,3.5,32.5
2020-07-09,0.0,32.5
2020-07-13,0.0,32.5
2020-07-14,0.0,32.5
2020-07-15,0.0,32.5
2020-07-16,0.0,32.5
2020-07-20,0.0,32.5
2020-07-21,0.0,32.5
2020-07-22,0.0,32.5
2020-07-23,1.5,34.0
2020-07-27,-1.0,33.0
2020-07-28,0.0,33.0
2020-07-29,0.0,33.0
2020-07-30,0.0,33.0
2020-08-03,-0.5,32.5
2020-08-04,0.0,32.5
2020-08-05,0.0,32.5
2020-08-06,1.0,33.5
2020-08-10,0.0,33.5
2020-08-11,0.0,33.5
2020-08-12,0.0,33.5
2020-08-13,0.0,33.5
2020-08-17,0.0,33.5
2020-08-18,0.0,33.5
2020-08-19,0.0,33.5
2020-08-20,0.0,33.5
2020-08-24,2.0,35.5
2020-08-25,5.5,41.0
2020-08-26,0.0,41.0
2020-08-27,0.0,41.0
2020-08-31,3.5,44.5
2020-09-01,0.0,44.5
2020-09-02,2.0,46.5
2020-09-03,0.0,46.5
2020-09-08,0.0,46.5
2020-09-09,0.0,46.5
2020-09-10,0.0,46.5
2020-09-14,0.0,46.5
2020-09-15,0.0,46.5
2020-09-16,0.0,46.5
2020-09-17,0.0,46.5
2020-09-21,0.0,46.5
2020-09-22,0.0,46.5
2020-09-23,0.0,46.5
2020-09-24,-48.5,-2.0
2020-09-28,0.0,-2.0
2020-09-29,1.5,-0.5
2020-09-30,0.0,-0.5
2020-10-01,0.0,-0.5
2020-10-05,0.0,-0.5
2020-10-06,0.0,-0.5
2020-10-07,0.0,-0.5
2020-10-08,0.0,-0.5
2020-10-12,0.0,-0.5
2020-10-13,0.0,-0.5
2020-10-14,0.0,-0.5
2020-10-15,0.0,-0.5
2020-10-19,0.0,-0.5
2020-10-20,0.0,-0.5
2020-10-21,0.0,-0.5
2020-10-22,0.0,-0.5
2020-10-26,0.0,-0.5
2020-10-27,0.0,-0.5
2020-10-28,0.0,-0.5
2020-10-29,0.0,-0.5
2020-11-02,0.0,-0.5
2020-11-03,0.0,-0.5
2020-11-04,5.5,5.0
2020-11-05,0.0,5.0
2020-11-09,0.0,5.0
2020-11-10,0.0,5.0
2020-11-11,0.5,5.5
2020-11-12,0.0,5.5
2020-11-16,0.0,5.5
2020-11-17,0.0,5.5
2020-11-18,3.5,9.0
2020-11-19,0.0,9.0
2020-11-23,0.0,9.0
2020-11-24,0.0,9.0
2020-11-25,0.0,9.0
2020-11-30,0.0,9.0
2020-12-01,0.0,9.0
2020-12-02,0.0,9.0
2020-12-03,0.0,9.0
2020-12-07,-0.5,8.5
2020-12-08,0.0,8.5
2020-12-09,0.0,8.5
2020-12-10,5.0,13.5
2020-12-14,0.0,13.5
2020-12-15,1.5,15.0
2020-12-16,0.0,15.0
2020-12-17,0.0,15.0
2020-12-21,0.0,15.0
2020-12-22,0.0,15.0
2020-12-23,5.0,20.0
2020-12-28,0.5,20.5
2020-12-29,2.5,23.0
2020-12-30,0.0,23.0
2021-01-04,0.0,23.0
2021-01-05,0.0,23.0
2021-01-06,0.5,23.5
2021-01-07,2.0,25.5
2021-01-11,0.0,25.5
2021-01-12,4.0,29.5
2021-01-13,0.0,29.5
2021-01-14,0.0,29.5
2021-01-19,0.0,29.5
2021-01-20,0.0,29.5
2021-01-21,0.0,29.5
2021-01-25,0.0,29.5
2021-01-26,0.0,29.5
2021-01-27,0.0,29.5
2021-01-28,0.0,29.5
2021-02-01,0.0,29.5
2021-02-02,6.5,36.0
2021-02-03,0.0,36.0
2021-02-04,0.0,36.0
2021-02-08,0.0,36.0
2021-02-09,3.5,39.5
2021-02-10,1.0,40.5
2021-02-11,0.0,40.5
2021-02-16,5.5,46.0
2021-02-17,0.0,46.0
2021-02-18,0.0,46.0
2021-02-22,0.0,46.0
2021-02-23,0.0,46.0
2021-02-24,0.0,46.0
2021-02-25,0.0,46.0
2021-03-01,0.0,46.0
2021-03-02,0.0,46.0
2021-03-03,0.0,46.0
2021-03-04,0.0,46.0
2021-03-08,0.0,46.0
2021-03-09,0.0,46.0
2021-03-10,0.0,46.0
2021-03-11,0.0,46.0
2021-03-15,0.0,46.0
2021-03-16,1.5,47.5
2021-03-17,0.0,47.5
2021-03-18,0.0,47.5
2021-03-22,0.0,47.5
2021-03-23,0.0,47.5
2021-03-24,0.0,47.5
2021-03-25,0.0,47.5
2021-03-29,0.0,47.5
2021-03-30,1.0,48.5
2021-03-31,0.0,48.5
2021-04-01,0.0,48.5
2021-04-05,4.5,53.0
2021-04-06,0.0,53.0
2021-04-07,0.0,53.0
2021-04-08,0.0,53.0
2021-04-12,3.0,56.0
2021-04-13,5.5,61.5
2021-04-14,0.0,61.5
2021-04-15,-0.5,61.0
2021-04-19,0.0,61.0
2021-04-20,0.0,61.0
2021-04-21,0.0,61.0
2021-04-22,0.0,61.0
2021-04-26,-0.5,60.5
2021-04-27,-40.0,20.5
2021-04-28,2.5,23.0
2021-04-29,6.5,29.5
2021-05-03,0.0,29.5
2021-05-04,0.0,29.5
2021-05-05,0.5,30.0
2021-05-06,0.0,30.0
2021-05-10,0.0,30.0
2021-05-11,0.0,30.0
2021-05-12,0.0,30.0
2021-05-13,5.0,35.0
2021-05-17,0.0,35.0
2021-05-18,0.0,35.0
2021-05-19,1.0,36.0
2021-05-20,0.0,36.0
2021-05-24,3.5,39.5
2021-05-25,2.0,41.5
2021-05-26,0.0,41.5
2021-05-27,1.0,42.5
2021-06-01,0.0,42.5
2021-06-02,-1.0,41.5
2021-06-03,0.0,41.5
2021-06-07,0.0,41.5
2021-06-08,1.0,42.5
2021-06-09,6.0,48.5
2021-06-10,1.0,49.5
2021-06-14,6.0,55.5
2021-06-15,1.0,56.5
2021-06-16,0.0,56.5
2021-06-17,0.0,56.5
2021-06-21,0.0,56.5
2021-06-22,0.0,56.5
2021-06-23,0.0,56.5
2021-06-24,0.0,56.5
2021-06-28,6.5,63.0
2021-06-29,2.0,65.0
2021-06-30,3.0,68.0
2021-07-01,4.5,72.5
2021-07-06,0.0,72.5
2021-07-07,3.5,76.0
2021-07-08,0.0,76.0
2021-07-12,0.0,76.0
2021-07-13,6.0,82.0
2021-07-14,0.0,82.0
2021-07-15,2.5,84.5
2021-07-19,1.0,85.5
2021-07-20,2.5,88.0
2021-07-21,-1.0,87.0
2021-07-22,2.5,89.5
2021-07-26,-1.0,88.5
2021-07-27,0.0,88.5
2021-07-28,0.5,89.0
2021-07-29,0.0,89.0
2021-08-02,5.0,94.0
2021-08-03,7.5,101.5
2021-08-04,0.0,101.5
2021-08-05,0.0,101.5
2021-08-09,2.0,103.5
2021-08-10,0.0,103.5
2021-08-11,-0.5,103.0
2021-08-12,0.0,103.0
2021-08-16,0.0,103.0
2021-08-17,4.0,107.0
2021-08-18,5.0,112.0
2021-08-19,0.0,112.0
2021-08-23,0.0,112.0
2021-08-24,0.0,112.0
2021-08-25,1.0,113.0
2021-08-26,0.0,113.0
2021-08-30,0.0,113.0
2021-08-31,1.5,114.5
2021-09-01,0.0,114.5
2021-09-02,0.0,114.5
2021-09-07,-1.0,113.5
2021-09-08,0.0,113.5
2021-09-09,0.0,113.5
2021-09-13,0.0,113.5
2021-09-14,-0.5,113.0
2021-09-15,0.0,113.0
2021-09-16,0.0,113.0
2021-09-20,-1.0,112.0
2021-09-21,-0.5,111.5
2021-09-22,0.0,111.5
2021-09-23,4.0,115.5
2021-09-27,-1.0,114.5
2021-09-28,4.0,118.5
2021-09-29,0.0,118.5
2021-09-30,0.0,118.5
2021-10-04,0.0,118.5
2021-10-05,-0.5,118.0
2021-10-06,-1.0,117.0
2021-10-07,4.5,121.5
2021-10-11,5.5,127.0
2021-10-12,0.0,127.0
2021-10-13,2.5,129.5
2021-10-14,0.0,129.5
2021-10-18,1.0,130.5
2021-10-19,0.0,130.5
2021-10-20,0.5,131.0
2021-10-21,0.0,131.0
2021-10-25,0.0,131.0
2021-10-26,0.0,131.0
2021-10-27,-41.0,90.0
2021-10-28,0.0,90.0
2021-11-01,4.0,94.0
2021-11-02,0.0,94.0
2021-11-03,0.0,94.0
2021-11-04,0.0,94.0
2021-11-08,0.0,94.0
2021-11-09,0.0,94.0
2021-11-10,6.5,100.5
2021-11-11,0.0,100.5
2021-11-15,4.0,104.5
2021-11-16,5.5,110.0
2021-11-17,0.0,110.0
2021-11-18,0.0,110.0
2021-11-22,0.5,110.5
2021-11-23,0.5,111.0
2021-11-24,0.0,111.0
2021-11-29,0.0,111.0
2021-11-30,0.0,111.0
2021-12-01,0.0,111.0
2021-12-02,3.5,114.5
2021-12-06,0.0,114.5
2021-12-07,0.0,114.5
2021-12-08,0.0,114.5
2021-12-09,6.0,120.5
2021-12-13,0.0,120.5
2021-12-14,0.0,120.5
2021-12-15,0.0,120.5
2021-12-16,0.0,120.5
2021-12-20,0.0,120.5
2021-12-21,0.0,120.5
2021-12-22,2.5,123.0
2021-12-27,0.0,123.0
2021-12-28,0.0,123.0
2021-12-29,0.0,123.0
2021-12-30,0.0,123.0
2022-01-03,2.5,125.5
2022-01-04,8.0,133.5
2022-01-05,0.0,133.5
2022-01-06,0.0,133.5
2022-01-10,0.0,133.5
2022-01-11,0.5,134.0
2022-01-12,0.0,134.0
2022-01-13,0.0,134.0
2022-01-18,-1.0,133.0
2022-01-19,0.0,133.0
2022-01-20,0.0,133.0
2022-01-24,0.0,133.0
2022-01-25,0.0,133.0
2022-01-26,0.0,133.0
2022-01-27,0.0,133.0
2022-01-31,0.0,133.0
2022-02-01,0.0,133.0
2022-02-02,0.0,133.0
2022-02-03,0.0,133.0
2022-02-07,0.0,133.0
2022-02-08,0.0,133.0
2022-02-09,0.0,133.0
2022-02-10,6.0,139.0
2022-02-14,0.0,139.0
2022-02-15,0.0,139.0
2022-02-16,0.0,139.0
2022-02-17,0.0,139.0
2022-02-22,0.0,139.0
2022-02-23,0.0,139.0
2022-02-24,0.0,139.0
2022-02-28,-1.0,138.0
2022-03-01,0.0,138.0
2022-03-02,0.0,138.0
2022-03-03,0.0,138.0
2022-03-07,0.0,138.0
2022-03-08,0.0,138.0
2022-03-09,2.5,140.5
2022-03-10,4.0,144.5
2022-03-14,0.0,144.5
2022-03-15,0.0,144.5
2022-03-16,0.0,144.5
2022-03-17,0.0,144.5
2022-03-21,0.0,144.5
2022-03-22,0.0,144.5
2022-03-23,-0.5,144.0
2022-03-24,0.0,144.0
2022-03-28,-0.5,143.5
2022-03-29,0.0,143.5
2022-03-30,0.0,143.5
2022-03-31,7.0,150.5
2022-04-04,0.0,150.5
2022-04-05,0.0,150.5
2022-04-06,0.0,150.5
2022-04-07,0.0,150.5
2022-04-11,0.5,151.0
2022-04-12,-1.0,150.0
2022-04-13,0.0,150.0
2022-04-18,0.0,150.0
2022-04-19,0.0,150.0
2022-04-20,0.0,150.0
2022-04-21,5.5,155.5
2022-04-25,0.0,155.5
2022-04-26,0.0,155.5
2022-04-27,0.0,155.5
2022-04-28,0.0,155.5
2022-05-02,0.0,155.5
2022-05-03,6.0,161.5
2022-05-04,-0.5,161.0
2022-05-05,0.0,161.0
2022-05-09,0.0,161.0
2022-05-10,0.0,161.0
2022-05-11,0.0,161.0
2022-05-12,0.0,161.0
2022-05-16,0.0,161.0
2022-05-17,0.0,161.0
2022-05-18,0.0,161.0
2022-05-19,0.0,161.0
2022-05-23,0.0,161.0
2022-05-24,0.0,161.0
2022-05-25,0.0,161.0
2022-05-26,0.0,161.0
2022-05-31,0.0,161.0
2022-06-01,3.5,164.5
2022-06-02,0.0,164.5
2022-06-06,0.0,164.5
2022-06-07,4.5,169.0
2022-06-08,0.0,169.0
2022-06-09,0.5,169.5
2022-06-13,3.0,172.5
2022-06-14,0.0,172.5
2022-06-15,0.0,172.5
2022-06-16,-1.0,171.5
2022-06-21,0.0,171.5
2022-06-22,0.0,171.5
2022-06-23,2.5,174.0
2022-06-27,0.0,174.0
2022-06-28,0.0,174.0
2022-06-29,4.0,178.0
2022-06-30,0.0,178.0
2022-07-05,2.0,180.0
2022-07-06,-0.5,179.5
2022-07-07,0.0,179.5
2022-07-11,0.0,179.5
2022-07-12,0.0,179.5
2022-07-13,0.0,179.5
2022-07-14,-1.0,178.5
2022-07-18,0.0,178.5
2022-07-19,0.0,178.5
2022-07-20,5.0,183.5
2022-07-21,0.0,183.5
2022-07-25,0.0,183.5
2022-07-26,0.0,183.5
2022-07-27,0.0,183.5
2022-07-28,0.0,183.5
2022-08-01,0.0,183.5
2022-08-02,0.0,183.5
2022-08-03,0.0,183.5
2022-08-04,0.0,183.5
2022-08-08,0.0,183.5
2022-08-09,0.0,183.5
2022-08-10,0.0,183.5
2022-08-11,0.5,184.0
2022-08-15,0.0,184.0
2022-08-16,-1.0,183.0
2022-08-17,0.0,183.0
2022-08-18,0.0,183.0
2022-08-22,3.0,186.0
2022-08-23,2.0,188.0
2022-08-24,0.0,188.0
2022-08-25,0.0,188.0
2022-08-29,0.0,188.0
2022-08-30,1.5,189.5
2022-08-31,0.0,189.5
2022-09-01,0.0,189.5
2022-09-06,0.0,189.5
2022-09-07,0.0,189.5
2022-09-08,0.0,189.5
2022-09-12,-1.0,188.5
2022-09-13,0.0,188.5
2022-09-14,0.0,188.5
2022-09-15,0.0,188.5
2022-09-19,0.0,188.5
2022-09-20,0.0,188.5
2022-09-21,0.0,188.5
2022-09-22,0.0,188.5
2022-09-26,-0.5,188.0
2022-09-27,5.0,193.0
2022-09-28,0.0,193.0
2022-09-29,0.0,193.0
2022-10-03,0.0,193.0
2022-10-04,0.0,193.0
2022-10-05,-1.0,192.0
2022-10-06,0.0,192.0
2022-10-10,0.0,192.0
2022-10-11,0.0,192.0
2022-10-12,2.5,194.5
2022-10-13,0.0,194.5
2022-10-17,0.0,194.5
2022-10-18,0.0,194.5
2022-10-19,0.0,194.5
2022-10-20,3.0,197.5
2022-10-24,0.0,197.5
2022-10-25,0.0,197.5
2022-10-26,0.0,197.5
2022-10-27,0.0,197.5
2022-10-31,0.0,197.5
2022-11-01,0.0,197.5
2022-11-02,3.0,200.5
2022-11-03,0.0,200.5
2022-11-07,0.0,200.5
2022-11-08,0.0,200.5
2022-11-09,0.0,200.5
2022-11-10,0.0,200.5
2022-11-14,-0.5,200.0
2022-11-15,0.0,200.0
2022-11-16,0.0,200.0
2022-11-17,0.0,200.0
2022-11-21,0.0,200.0
2022-11-22,1.5,201.5
2022-11-23,-1.0,200.5
2022-11-28,2.0,202.5
2022-11-29,0.0,202.5
2022-11-30,0.0,202.5
2022-12-01,3.0,205.5
2022-12-05,0.0,205.5
2022-12-06,2.0,207.5
2022-12-07,1.5,209.0
2022-12-08,2.5,211.5
2022-12-12,0.5,212.0
2022-12-13,0.0,212.0
2022-12-14,0.0,212.0
2022-12-15,0.0,212.0
2022-12-19,0.0,212.0
2022-12-20,0.0,212.0
2022-12-21,0.0,212.0
2022-12-22,0.0,212.0
2022-12-27,0.0,212.0
2022-12-28,3.5,215.5
2022-12-29,5.0,220.5
2023-01-03,0.0,220.5
2023-01-04,0.0,220.5
2023-01-05,0.5,221.0
2023-01-09,0.0,221.0
2023-01-10,0.5,221.5
2023-01-11,0.0,221.5
2023-01-12,0.0,221.5
2023-01-17,0.0,221.5
2023-01-18,0.0,221.5
2023-01-19,0.0,221.5
2023-01-23,0.0,221.5
2023-01-24,-1.0,220.5
2023-01-25,-1.0,219.5
2023-01-26,0.0,219.5
2023-01-30,0.0,219.5
2023-01-31,1.0,220.5
2023-02-01,0.0,220.5
2023-02-02,0.0,220.5
2023-02-06,0.0,220.5
2023-02-07,0.0,220.5
2023-02-08,0.0,220.5
2023-02-09,0.0,220.5
2023-02-13,4.0,224.5
2023-02-14,-0.5,224.0
2023-02-15,0.0,224.0
2023-02-16,0.0,224.0
2023-02-21,0.0,224.0
2023-02-22,0.0,224.0
2023-02-23,0.0,224.0
2023-02-27,0.0,224.0
2023-02-28,2.5,226.5
2023-03-01,0.0,226.5
2023-03-02,0.0,226.5
2023-03-06,1.5,228.0
2023-03-07,0.0,228.0
2023-03-08,0.0,228.0
2023-03-09,0.0,228.0
2023-03-13,0.0,228.0
2023-03-14,0.0,228.0
2023-03-15,0.0,228.0
2023-03-16,0.0,228.0
2023-03-20,0.0,228.0
2023-03-21,0.0,228.0
2023-03-22,0.0,228.0
2023-03-23,-1.0,227.0
2023-03-27,0.0,227.0
2023-03-28,0.0,227.0
2023-03-29,0.0,227.0
2023-03-30,0.0,227.0
2023-04-03,0.0,227.0
2023-04-04,-1.0,226.0
2023-04-05,5.5,231.5
2023-04-06,0.0,231.5
2023-04-10,4.0,235.5
2023-04-11,0.0,235.5
2023-04-12,0.0,235.5
2023-04-13,-1.0,234.5
2023-04-17,0.0,234.5
2023-04-18,0.0,234.5
2023-04-19,0.0,234.5
2023-04-20,0.0,234.5
2023-04-24,0.0,234.5
2023-04-25,0.0,234.5
2023-04-26,1.5,236.0
2023-04-27,0.0,236.0
2023-05-01,0.0,236.0
2023-05-02,0.0,236.0
2023-05-03,0.0,236.0
2023-05-04,0.0,236.0
2023-05-08,0.0,236.0
2023-05-09,-0.5,235.5
2023-05-10,0.0,235.5
2023-05-11,0.0,235.5
2023-05-15,3.5,239.0
2023-05-16,0.0,239.0
2023-05-17,0.0,239.0
2023-05-18,0.0,239.0
2023-05-22,0.0,239.0
2023-05-23,0.0,239.0
2023-05-24,0.0,239.0
2023-05-25,0.0,239.0
2023-05-30,0.0,239.0
2023-05-31,1.5,240.5
2023-06-01,0.0,240.5
2023-06-05,0.0,240.5
2023-06-06,0.0,240.5
2023-06-07,3.5,244.0
2023-06-08,0.0,244.0
2023-06-12,0.0,244.0
2023-06-13,0.0,244.0
2023-06-14,0.0,244.0
2023-06-15,0.0,244.0
2023-06-20,1.5,245.5
2023-06-21,0.0,245.5
2023-06-22,3.5,249.0
2023-06-26,1.5,250.5
2023-06-27,0.0,250.5
2023-06-28,7.5,258.0
2023-06-29,0.0,258.0
2023-07-05,-0.5,257.5
2023-07-06,0.0,257.5
2023-07-10,0.0,257.5
2023-07-11,0.0,257.5
2023-07-12,2.5,260.0
2023-07-13,0.0,260.0
2023-07-17,-0.5,259.5
2023-07-18,7.0,266.5
2023-07-19,0.0,266.5
2023-07-20,0.0,266.5
2023-07-24,0.5,267.0
2023-07-25,0.0,267.0
2023-07-26,0.0,267.0
2023-07-27,0.0,267.0
2023-07-31,0.0,267.0
2023-08-01,0.0,267.0
2023-08-02,0.0,267.0
2023-08-03,0.0,267.0
2023-08-07,-0.5,266.5
2023-08-08,-0.5,266.0
2023-08-09,0.0,266.0
2023-08-10,2.0,268.0
2023-08-14,2.5,270.5
2023-08-15,4.5,275.0
2023-08-16,0.0,275.0
2023-08-17,0.0,275.0
2023-08-21,0.0,275.0
2023-08-22,0.0,275.0
2023-08-23,0.0,275.0
2023-08-24,0.0,275.0
2023-08-28,0.0,275.0
2023-08-29,0.0,275.0
2023-08-30,0.0,275.0
2023-08-31,0.0,275.0
2023-09-05,0.0,275.0
2023-09-06,1.0,276.0
2023-09-07,2.0,278.0
2023-09-11,0.0,278.0
2023-09-12,0.0,278.0
2023-09-13,0.0,278.0
2023-09-14,0.0,278.0
2023-09-18,0.0,278.0
2023-09-19,0.0,278.0
2023-09-20,1.5,279.5
2023-09-21,0.0,279.5
2023-09-25,1.5,281.0
2023-09-26,1.5,282.5
2023-09-27,5.5,288.0
2023-09-28,0.0,288.0
2023-10-02,0.0,288.0
2023-10-03,-0.5,287.5
2023-10-04,1.5,289.0
2023-10-05,0.0,289.0
2023-10-09,6.0,295.0
2023-10-10,0.0,295.0
2023-10-11,0.0,295.0
2023-10-12,3.0,298.0
2023-10-16,0.0,298.0
2023-10-17,0.0,298.0
2023-10-18,0.0,298.0
2023-10-19,-0.5,297.5
2023-10-23,0.0,297.5
2023-10-24,3.5,301.0
2023-10-25,0.0,301.0
2023-10-26,0.0,301.0
2023-10-30,0.0,301.0
2023-10-31,0.0,301.0
2023-11-01,0.0,301.0
2023-11-02,0.0,301.0
2023-11-06,0.0,301.0
2023-11-07,0.0,301.0
2023-11-08,0.0,301.0
2023-11-09,0.0,301.0
2023-11-13,3.5,304.5
2023-11-14,-56.0,248.5
2023-11-15,0.0,248.5
2023-11-16,0.0,248.5
2023-11-20,0.0,248.5
2023-11-21,2.0,250.5
2023-11-22,0.0,250.5
2023-11-27,-0.5,250.0
2023-11-28,4.5,254.5
2023-11-29,-1.0,253.5
2023-11-30,0.0,253.5
2023-12-04,5.0,258.5
2023-12-05,0.0,258.5
2023-12-06,3.0,261.5
2023-12-07,3.5,265.0
2023-12-11,0.0,265.0
2023-12-12,0.0,265.0
2023-12-13,0.0,265.0
2023-12-14,0.0,265.0
2023-12-18,0.0,265.0
2023-12-19,0.0,265.0
2023-12-20,0.0,265.0
2023-12-21,7.0,272.0
2023-12-26,0.0,272.0
2023-12-27,0.0,272.0
2023-12-28,-1.0,271.0
2024-01-02,0.0,271.0
2024-01-03,0.5,271.5
2024-01-04,5.5,277.0
2024-01-08,2.5,279.5
2024-01-09,-1.0,278.5
2024-01-10,0.0,278.5
2024-01-11,0.0,278.5
2024-01-16,0.5,279.0
2024-01-17,0.0,279.0
2024-01-18,0.0,279.0
2024-01-22,1.5,280.5
2024-01-23,-87.5,193.0
2024-01-24,0.0,193.0
2024-01-25,0.0,193.0
2024-01-29,0.0,193.0
2024-01-30,0.0,193.0
2024-01-31,0.0,193.0
2024-02-01,0.0,193.0
2024-02-05,0.0,193.0
2024-02-06,0.0,193.0
2024-02-07,0.0,193.0
2024-02-08,0.0,193.0
2024-02-12,0.0,193.0
2024-02-13,6.5,199.5
2024-02-14,0.0,199.5
2024-02-15,0.0,199.5
2024-02-20,0.0,199.5
2024-02-21,0.0,199.5
2024-02-22,0.0,199.5
2024-02-26,7.5,207.0
2024-02-27,2.5,209.5
2024-02-28,0.0,209.5
2024-02-29,0.5,210.0
2024-03-04,6.0,216.0
2024-03-05,0.0,216.0
2024-03-06,0.0,216.0
2024-03-07,0.0,216.0
2024-03-11,0.0,216.0
2024-03-12,5.5,221.5
2024-03-13,0.0,221.5
2024-03-14,0.0,221.5
2024-03-18,0.0,221.5
2024-03-19,1.5,223.0
2024-03-20,0.0,223.0
2024-03-21,0.0,223.0
2024-03-25,0.0,223.0
2024-03-26,0.0,223.0
2024-03-27,0.0,223.0
2024-04-01,-1.0,222.0
2024-04-02,7.5,229.5
2024-04-03,-1.0,228.5
2024-04-04,0.0,228.5
2024-04-08,0.0,228.5
2024-04-09,-1.0,227.5
2024-04-10,0.0,227.5
2024-04-11,0.5,228.0
2024-04-15,0.0,228.0
2024-04-16,2.5,230.5
2024-04-17,0.0,230.5
2024-04-18,0.0,230.5
2024-04-22,7.5,238.0
2024-04-23,0.0,238.0
2024-04-24,0.0,238.0
2024-04-25,0.0,238.0
2024-04-29,2.5,240.5
2024-04-30,0.0,240.5
2024-05-01,0.0,240.5
2024-05-02,0.0,240.5
2024-05-06,0.0,240.5
2024-05-07,0.0,240.5
2024-05-08,7.5,248.0
2024-05-09,1.5,249.5
2024-05-13,0.0,249.5
2024-05-14,-0.5,249.0
2024-05-15,0.0,249.0
2024-05-16,-22.5,226.5
2024-05-20,3.0,229.5
2024-05-21,0.0,229.5
2024-05-22,0.0,229.5
2024-05-23,0.0,229.5
2024-05-28,0.0,229.5
2024-05-29,0.0,229.5
2024-05-30,0.0,229.5
2024-06-03,0.0,229.5
2024-06-04,0.0,229.5
2024-06-05,0.0,229.5
2024-06-06,0.0,229.5
2024-06-10,0.0,229.5
2024-06-11,2.5,232.0
2024-06-12,0.0,232.0
2024-06-13,0.0,232.0
2024-06-17,4.5,236.5
2024-06-18,2.5,239.0
2024-06-20,0.0,239.0
2024-06-24,9.0,248.0
2024-06-25,2.5,250.5
2024-06-26,0.0,250.5
2024-06-27,0.0,250.5
2024-07-01,9.5,260.0
2024-07-02,5.0,265.0
2024-07-08,0.0,265.0
2024-07-09,0.0,265.0
2024-07-10,0.0,265.0
2024-07-11,0.0,265.0
2024-07-15,0.0,265.0
2024-07-16,7.5,272.5
2024-07-17,0.0,272.5
2024-07-18,0.0,272.5
2024-07-22,0.0,272.5
2024-07-23,0.0,272.5
2024-07-24,0.0,272.5
2024-07-25,9.5,282.0
2024-07-29,0.0,282.0
2024-07-30,0.0,282.0
2024-07-31,9.0,291.0
2024-08-01,0.0,291.0
2024-08-05,0.0,291.0
2024-08-06,0.0,291.0
2024-08-07,0.0,291.0
2024-08-08,0.0,291.0
2024-08-12,0.0,291.0
2024-08-13,0.0,291.0
2024-08-14,0.0,291.0
2024-08-15,0.5,291.5
2024-08-19,1.0,292.5
2024-08-20,0.0,292.5
2024-08-21,2.5,295.0
2024-08-22,0.0,295.0
2024-08-26,9.5,304.5
2024-08-27,2.0,306.5
2024-08-28,0.0,306.5
2024-08-29,0.0,306.5
2024-09-03,0.0,306.5
2024-09-04,0.0,306.5
2024-09-05,0.0,306.5
2024-09-09,0.0,306.5
2024-09-10,6.5,313.0
2024-09-11,0.0,313.0
2024-09-12,0.0,313.0
2024-09-16,0.0,313.0
2024-09-17,0.0,313.0
2024-09-18,0.5,313.5
2024-09-19,0.0,313.5
2024-09-23,2.5,316.0
2024-09-24,0.0,316.0
2024-09-25,-1.0,315.0
2024-09-26,0.0,315.0
2024-09-30,0.0,315.0
2024-10-01,0.0,315.0
2024-10-02,0.0,315.0
2024-10-03,0.0,315.0
2024-10-07,0.0,315.0
2024-10-08,0.0,315.0
2024-10-09,0.0,315.0
2024-10-10,0.0,315.0
2024-10-14,0.0,315.0
2024-10-15,9.0,324.0
2024-10-16,0.0,324.0
2024-10-17,1.5,325.5
2024-10-21,-1.0,324.5
2024-10-22,9.0,333.5
2024-10-23,0.0,333.5
2024-10-24,0.0,333.5
2024-10-28,0.0,333.5
2024-10-29,0.0,333.5
2024-10-30,0.0,333.5
2024-10-31,0.0,333.5
2024-11-04,0.0,333.5
2024-11-05,0.0,333.5
2024-11-06,0.0,333.5
2024-11-07,-1.0,332.5
2024-11-11,0.0,332.5
2024-11-12,0.0,332.5
2024-11-13,0.0,332.5
2024-11-14,0.0,332.5
2024-11-18,5.5,338.0
2024-11-19,0.0,338.0
2024-11-20,0.0,338.0
2024-11-21,0.0,338.0
2024-11-25,0.0,338.0
2024-11-26,0.0,338.0
2024-11-27,0.0,338.0
2024-12-02,6.5,344.5
2024-12-03,0.0,344.5
2024-12-04,0.0,344.5
2024-12-05,0.0,344.5
2024-12-09,0.0,344.5
2024-12-10,5.5,350.0
2024-12-11,1.5,351.5
2024-12-12,0.0,351.5
2024-12-16,2.5,354.0
2024-12-17,0.0,354.0
2024-12-18,0.0,354.0
2024-12-19,0.0,354.0
2024-12-23,0.0,354.0
2024-12-26,0.0,354.0
2024-12-30,3.0,357.0
2025-01-02,0.0,357.0
2025-01-06,0.0,357.0
2025-01-07,0.0,357.0
2025-01-08,0.0,357.0
2025-01-13,0.0,357.0
2025-01-14,0.0,357.0
2025-01-15,0.0,357.0
2025-01-16,0.0,357.0
2025-01-21,0.0,357.0
2025-01-22,0.0,357.0
2025-01-23,0.0,357.0
2025-01-27,0.0,357.0
2025-01-28,0.0,357.0
2025-01-29,0.0,357.0
2025-01-30,0.0,357.0
2025-02-03,0.0,357.0
2025-02-04,0.0,357.0
2025-02-05,0.0,357.0
2025-02-06,0.0,357.0
2025-02-10,0.0,357.0
2025-02-11,0.0,357.0
2025-02-12,10.5,367.5
2025-02-13,0.0,367.5
2025-02-18,2.5,370.0
2025-02-19,0.0,370.0
2025-02-20,0.0,370.0
2025-02-24,0.0,370.0
2025-02-25,0.0,370.0
2025-02-26,0.0,370.0
2025-02-27,0.0,370.0
2025-03-03,0.0,370.0
2025-03-04,0.0,370.0
2025-03-05,0.0,370.0
2025-03-06,0.0,370.0
2025-03-10,0.0,370.0
2025-03-11,0.0,370.0
2025-03-12,6.5,376.5
2025-03-13,0.0,376.5
2025-03-17,0.0,376.5
2025-03-18,0.0,376.5
2025-03-19,0.0,376.5
2025-03-20,0.0,376.5
2025-03-24,2.0,378.5
2025-03-25,0.0,378.5
2025-03-26,0.0,378.5
2025-03-27,0.5,379.0
2025-03-31,-0.5,378.5
2025-04-01,-1.0,377.5
2025-04-02,0.0,377.5
2025-04-03,0.0,377.5
2025-04-07,0.0,377.5
2025-04-08,0.0,377.5
2025-04-09,0.0,377.5
2025-04-10,0.0,377.5
2025-04-14,0.0,377.5
2025-04-15,0.0,377.5
2025-04-16,0.0,377.5
2025-04-21,0.0,377.5
2025-04-22,0.0,377.5
2025-04-23,0.0,377.5
2025-04-24,0.0,377.5
2025-04-28,0.0,377.5
2025-04-29,0.0,377.5
2025-04-30,0.0,377.5
2025-05-01,0.0,377.5
2025-05-05,0.0,377.5
2025-05-06,0.0,377.5
2025-05-07,0.0,377.5
2025-05-08,0.0,377.5
2025-05-12,0.0,377.5
2025-05-13,0.0,377.5
2025-05-14,0.0,377.5
2025-05-15,0.5,378.0
2025-05-19,0.0,378.0
2025-05-20,0.0,378.0
2025-05-21,3.0,381.0
2025-05-22,0.0,381.0
2025-05-27,0.5,381.5
2025-05-28,0.0,381.5
2025-05-29,0.0,381.5
2025-06-02,0.0,381.5
2025-06-03,0.0,381.5
2025-06-04,0.0,381.5
2025-06-05,0.0,381.5
2025-06-09,-0.5,381.0
2025-06-10,0.0,381.0
2025-06-11,0.0,381.0
2025-06-12,4.0,385.0
2025-06-16,0.0,385.0
2025-06-17,0.0,385.0
2025-06-18,0.0,385.0
2025-06-23,9.0,394.0
2025-06-24,1.0,395.0
2025-06-25,0.0,395.0
2025-06-26,6.0,401.0
2025-06-30,0.5,401.5
2025-07-01,8.5,410.0
2025-07-02,0.0,410.0
2025-07-07,3.0,413.0
2025-07-08,9.5,422.5
2025-07-09,0.0,422.5
2025-07-10,0.5,423.0
2025-07-14,-1.0,422.0
2025-07-15,0.0,422.0
2025-07-16,11.0,433.0
2025-07-17,0.0,433.0
2025-07-21,0.0,433.0
2025-07-22,0.0,433.0
2025-07-23,0.0,433.0
2025-07-24,0.0,433.0
2025-07-28,0.0,433.0
2025-07-29,0.0,433.0
2025-07-30,0.0,433.0
2025-07-31,0.0,433.0
2025-08-04,0.5,433.5
2025-08-05,1.0,434.5
2025-08-06,6.0,440.5
2025-08-07,0.0,440.5
2025-08-11,2.5,443.0
2025-08-12,0.0,443.0
2025-08-13,3.0,446.0
2025-08-14,-1.0,445.0
2025-08-18,0.0,445.0
2025-08-19,0.0,445.0
2025-08-20,5.0,450.0
2025-08-21,9.5,459.5
2025-08-25,0.0,459.5
2025-08-26,0.0,459.5
2025-08-27,0.0,459.5
2025-08-28,0.0,459.5
2025-09-02,3.0,462.5
2025-09-03,-0.5,462.0
2025-09-04,0.0,462.0
2025-09-08,1.0,463.0
2025-09-09,0.0,463.0
2025-09-10,0.0,463.0
2025-09-11,0.0,463.0
2025-09-15,0.0,463.0
2025-09-16,1.5,464.5
2025-09-17,-0.5,464.0
2025-09-18,9.5,473.5
2025-09-22,5.0,478.5
2025-09-23,9.5,488.0
2025-09-24,0.0,488.0
2025-09-25,8.0,496.0
2025-09-29,-0.5,495.5
2025-09-30,10.5,506.0
2025-10-01,-0.5,505.5
2025-10-02,0.0,505.5
2025-10-06,0.0,505.5
2025-10-07,0.0,505.5
2025-10-08,0.0,505.5
2025-10-09,0.0,505.5
2025-10-13,0.0,505.5
2025-10-14,0.0,505.5
2025-10-15,0.0,505.5
2025-10-16,0.0,505.5
2025-10-20,0.0,505.5
2025-10-21,0.0,505.5
2025-10-22,0.0,505.5
2025-10-23,0.0,505.5
2025-10-27,0.0,505.5
2025-10-28,14.0,519.5
2025-10-29,0.0,519.5
2025-10-30,12.5,532.0
2025-11-03,0.0,532.0
2025-11-04,0.0,532.0
2025-11-05,5.0,537.0
2025-11-06,-0.5,536.5
2025-11-10,0.0,536.5
2025-11-11,0.0,536.5
2025-11-12,0.0,536.5
2025-11-13,0.0,536.5
2025-11-17,0.0,536.5
2025-11-18,0.0,536.5
2025-11-19,0.0,536.5
2025-11-20,0.0,536.5
2025-11-24,0.0,536.5
2025-11-25,9.5,546.0
2025-11-26,3.0,549.0
2025-12-01,0.0,549.0
2025-12-02,12.0,561.0
2025-12-03,6.5,567.5
2025-12-04,0.0,567.5
2025-12-08,11.5,579.0
2025-12-09,7.5,586.5
2025-12-10,0.0,586.5
2025-12-11,0.0,586.5
2025-12-15,0.0,586.5
2025-12-16,0.0,586.5
2025-12-17,0.0,586.5
2025-12-18,1.0,587.5
2025-12-22,0.0,587.5
2025-12-23,-0.5,587.0
2025-12-29,4.5,591.5
2025-12-30,2.0,593.5
2026-01-05,3.5,597.0
2026-01-06,5.0,602.0
2026-01-07,4.0,606.0
2026-01-08,0.0,606.0
2026-01-12,10.0,616.0
2026-01-13,2.0,618.0
2026-01-14,0.0,618.0
2026-01-15,0.0,618.0
2026-01-20,6.0,624.0
2026-01-21,0.0,624.0
2026-01-22,0.0,624.0
2026-01-26,0.0,624.0
2026-01-27,3.5,627.5
2026-01-28,0.0,627.5
2026-01-29,0.0,627.5
2026-02-02,-1.0,626.5
2026-02-03,0.0,626.5
2026-02-04,0.0,626.5
2026-02-05,0.0,626.5
2026-02-09,0.0,626.5
2026-02-10,0.0,626.5
2026-02-11,6.5,633.0
2026-02-12,0.0,633.0
2026-02-17,0.0,633.0
2026-02-18,5.0,638.0
2026-02-19,0.0,638.0
2026-02-23,0.0,638.0
2026-02-24,5.5,643.5
2026-02-25,0.0,643.5
2026-02-26,0.0,643.5
2026-03-02,9.0,652.5
2026-03-03,0.0,652.5
2026-03-04,0.0,652.5
2026-03-05,9.0,661.5
2026-03-09,0.0,661.5
2026-03-10,11.0,672.5
2026-03-11,0.0,672.5
2026-03-12,0.0,672.5
2026-03-16,-0.5,672.0
2026-03-17,10.5,682.5
2026-03-18,2.5,685.0
2026-03-19,0.0,685.0
2026-03-23,0.0,685.0
2026-03-24,0.0,685.0
2026-03-25,0.0,685.0
2026-03-26,0.0,685.0
2026-03-30,10.5,695.5
2026-03-31,0.0,695.5
2026-04-01,0.0,695.5
2026-04-02,0.0,695.5
2026-04-06,0.0,695.5
2026-04-07,0.0,695.5
2026-04-08,0.0,695.5
2026-04-09,0.0,695.5
2026-04-13,0.0,695.5
2026-04-14,0.0,695.5
2026-04-15,0.0,695.5
2026-04-16,0.0,695.5
2026-04-20,3.0,698.5
2026-04-21,0.0,698.5
2026-04-22,0.0,698.5
2026-04-23,0.0,698.5
2026-04-27,13.5,712.0
2026-04-28,-177.5,534.5
2026-04-29,0.0,534.5
2026-04-30,0.0,534.5
2026-05-04,0.0,534.5
2026-05-05,0.0,534.5
2026-05-06,0.0,534.5
2026-05-07,0.0,534.5
2026-05-11,0.5,535.0
2026-05-12,0.0,535.0
2026-05-13,0.0,535.0
2026-05-14,11.0,546.0
2026-05-18,0.0,546.0
2026-05-19,0.0,546.0
2026-05-20,0.0,546.0
2026-05-21,0.0,546.0
2026-05-26,0.0,546.0
2026-05-27,0.0,546.0
2026-05-28,0.0,546.0
2026-06-01,0.0,546.0
2026-06-02,0.0,546.0
2026-06-03,0.0,546.0
2026-06-04,0.0,546.0
2026-06-08,0.0,546.0
2026-06-09,0.0,546.0
2026-06-10,0.0,546.0
2026-06-11,0.0,546.0
2026-06-15,0.0,546.0
2026-06-16,0.0,546.0
2026-06-17,0.0,546.0
2026-06-22,0.0,546.0
2026-06-23,0.0,546.0
2026-06-24,0.0,546.0
2026-06-25,0.0,546.0
2026-06-29,0.0,546.0
2026-06-30,1.5,547.5
2026-07-01,0.0,547.5
2026-07-02,0.0,547.5
2026-07-06,0.0,547.5
2026-07-07,0.0,547.5
2026-07-08,0.0,547.5
2026-07-09,10.0,557.5
2026-07-13,0.0,557.5
2026-07-14,5.0,562.5
2026-07-15,0.0,562.5
2026-07-16,15.0,577.5
2026-07-20,9.5,587.0
2026-07-21,0.0,587.0
2026-07-22,0.0,587.0
2026-07-23,0.0,587.0
2026-07-27,-1.0,586.0
2026-07-28,3.5,589.5
2026-07-29,0.0,589.5
2026-07-30,0.0,589.5
2026-08-03,0.0,589.5
2026-08-04,0.0,589.5
2026-08-05,0.0,589.5
2026-08-06,0.0,589.5
