reference_close,side,max_gap_bps,trades,sessions,trades_per_year,fill_rate,stop_rate,deadline_rate,win_rate,avg_net_pnl_dollars,avg_net_pnl_ci95_low,avg_net_pnl_ci95_high,per_trade_tstat,per_session_tstat,total_net_pnl_dollars,pnl_per_year_dollars,profit_factor,sharpe_ratio,max_drawdown_dollars,return_over_max_dd,worst_trade_dollars,best_trade_dollars,avg_mae_points,avg_minutes_held
17:00,Short,3.0,395,1311,75.92677345537757,0.9822784810126582,0.0,0.017721518987341773,0.7088607594936709,1.4924050632911392,0.33158779819670103,2.6532223283855774,2.5198283015116827,2.5079811805495393,589.5,113.31350114416476,2.1196581196581197,1.099570798903558,177.5,3.3211267605633803,-177.5,15.0,10.3,18.367088607594937
17:00,Short,7.5,578,1311,111.10297482837528,0.9567474048442907,0.0,0.04325259515570934,0.7698961937716263,1.741349480968858,-0.41380756921202755,3.8965065311497438,1.583635073755386,1.5824804849048326,1006.5,193.4691075514874,1.4054380664652568,0.6938047799285413,648.5,1.5520431765612952,-303.0,39.0,14.125432525951558,31.782006920415224
17:00,Short,5.0,517,1311,99.37757437070938,0.9632495164410058,0.0,0.0367504835589942,0.7543520309477756,1.3878143133462282,-0.5892467805338195,3.364875407226276,1.3758128675250532,1.3750933669812424,717.5,137.91762013729976,1.4187335862270207,0.6028803261463236,502.0,1.4292828685258965,-303.0,27.5,12.723887814313347,26.431334622823986
16:00,Short,2.0,86,1311,16.530892448512585,0.9767441860465116,0.0,0.023255813953488372,0.7325581395348837,0.8313953488372093,-1.1835407781566607,2.8463314758310796,0.8087129570302898,0.8102384613383106,71.5,13.74370709382151,1.598326359832636,0.35523175339016766,97.5,0.7333333333333333,-73.0,8.0,12.787790697674419,22.732558139534884
17:00,Short,10.0,619,1311,118.98398169336384,0.9434571890145396,0.0,0.05654281098546042,0.7689822294022617,0.8731825525040388,-1.6938871612325919,3.4402522662406696,0.666677012773798,0.6668351014636712,540.5,103.89473684210526,1.1462589636043836,0.2923596121613165,735.0,0.7353741496598639,-303.0,48.0,15.494749596122778,37.423263327948305
16:00,Long,inf,581,1311,111.67963386727689,0.7022375215146299,0.0,0.2977624784853701,0.7314974182444062,1.661790017211704,-6.109649790035825,9.433229824459232,0.4191049136424946,0.4192706958896987,965.5,185.58810068649885,1.0639107698417951,0.18382028446292814,1782.5,0.5416549789621319,-675.5,411.5,35.570998278829606,149.75903614457832
17:00,Short,2.0,296,1311,56.89702517162471,0.9831081081081081,0.0,0.016891891891891893,0.6182432432432432,0.018581081081081082,-1.4175299992789194,1.4546921614410817,0.025358936713217733,0.025392170343729287,5.5,1.05720823798627,1.0123456790123457,0.011132654920732624,177.5,0.030985915492957747,-177.5,10.0,10.068412162162161,16.993243243243242
17:00,Both,7.5,1018,1311,195.6796338672769,0.9469548133595285,0.0,0.05304518664047151,0.7524557956777996,-0.17239685658153242,-2.2785254554843295,1.9337317423212648,-0.16043257415002754,-0.16044974755151178,-175.5,-33.734553775743706,0.9700256191289496,-0.07034576593610332,1414.5,-0.12407211028632026,-529.5,39.0,15.137770137524559,37.156188605108056
16:00,Long,25.0,484,1311,93.03432494279176,0.7644628099173554,0.0,0.23553719008264462,0.762396694214876,-1.149793388429752,-8.21766874773799,5.918081970878486,-0.31884456561510377,-0.3190315302986932,-556.5,-106.97025171624713,0.943713967836553,-0.13987256258800684,2175.5,-0.2558032636175592,-675.5,140.0,29.789256198347108,126.06404958677686
16:00,Short,7.5,292,1311,56.12814645308924,0.8732876712328768,0.0,0.1267123287671233,0.8047945205479452,-0.7294520547945206,-4.873064708046536,3.4141605984574954,-0.3450370212575787,-0.3454425969740212,-213.0,-40.94279176201373,0.9238197424892703,-0.1514519308501412,660.5,-0.32248296744890237,-303.0,35.0,16.006849315068493,74.48630136986301
16:00,Short,5.0,198,1311,38.05949656750572,0.9292929292929293,0.0,0.0707070707070707,0.8232323232323232,-0.9696969696969697,-5.616862628169863,3.6774686887759236,-0.40897426328023323,-0.40970691895878686,-192.0,-36.90617848970252,0.8594950603732162,-0.1796272506706435,510.5,-0.376101860920666,-303.0,24.0,13.827020202020202,44.72222222222222
17:00,Both,5.0,908,1311,174.53546910755148,0.9537444933920705,0.0,0.046255506607929514,0.73568281938326,-0.473568281938326,-2.3473310688885674,1.4001945050119153,-0.49535447635379765,-0.49541781195030743,-430.0,-82.65446224256293,0.9001741149158444,-0.21720536162790874,875.5,-0.49114791547687037,-367.5,27.5,13.869218061674008,32.61013215859031
16:00,Long,7.5,251,1311,48.24713958810069,0.848605577689243,0.0,0.15139442231075698,0.7888446215139442,-1.4183266932270917,-6.174730943851955,3.338077557397772,-0.584447644162908,-0.5850689023849835,-356.0,-68.43020594965675,0.8631821675634127,-0.25651096802413853,980.0,-0.363265306122449,-367.5,38.0,19.605577689243027,80.39840637450199
17:00,Short,15.0,654,1311,125.7116704805492,0.9281345565749235,0.0,0.07186544342507645,0.7629969418960245,-1.0680428134556574,-4.438726592708366,2.3026409657970506,-0.6210388164314546,-0.6211851509203457,-698.5,-134.2654462242563,0.878331301167044,-0.2723453660504929,1655.0,-0.42205438066465256,-456.0,64.0,18.020642201834864,44.181957186544345
16:00,Both,7.5,543,1311,104.37528604118992,0.861878453038674,0.0,0.13812154696132597,0.7974217311233885,-1.0478821362799264,-4.175441772428268,2.0796774998684158,-0.6566817270608668,-0.6568834480585961,-569.0,-109.37299771167048,0.8945905891070767,-0.2879965222107643,1175.5,-0.4840493407060825,-367.5,38.0,17.67034990791897,77.21915285451198
16:00,Short,1.0,46,1311,8.842105263157894,0.9782608695652174,0.0,0.021739130434782608,0.5217391304347826,-1.076086956521739,-4.223041829066469,2.0708679160229915,-0.6702008071525645,-0.6741095862363238,-49.5,-9.51487414187643,0.37735849056603776,-0.29554895468713427,75.0,-0.66,-73.0,3.0,11.543478260869565,21.630434782608695
16:00,Both,2.0,156,1311,29.986270022883293,0.9743589743589743,0.0,0.02564102564102564,0.7307692307692307,-1.7435897435897436,-6.752171695158889,3.264992207979402,-0.6823035264770889,-0.6833363728267351,-272.0,-52.283752860411894,0.5584415584415584,-0.2995942422599494,376.0,-0.723404255319149,-367.5,8.0,15.073717948717949,25.0
16:00,Short,3.0,133,1311,25.565217391304348,0.9473684210526315,0.0,0.05263157894736842,0.7894736842105263,-2.2030075187969924,-7.808337899347089,3.4023228617531043,-0.7703052515073494,-0.7713663387037093,-293.0,-56.32036613272311,0.6323713927227101,-0.3381891012076502,395.0,-0.7417721518987341,-303.0,16.0,13.592105263157896,31.992481203007518
16:00,Long,1.0,36,1311,6.919908466819222,0.9722222222222222,0.0,0.027777777777777776,0.5,-2.861111111111111,-9.543538984937543,3.821316762715321,-0.8391672732812845,-0.8425429822861756,-103.0,-19.798627002288328,0.20155038759689922,-0.3693949808427188,122.0,-0.8442622950819673,-122.0,3.5,14.805555555555555,24.86111111111111
16:00,Both,25.0,1069,1311,205.4828375286041,0.744621141253508,0.0,0.255378858746492,0.7362020579981291,-1.7694106641721234,-5.787981327191247,2.2491599988470004,-0.8629887325131623,-0.8630077661761271,-1891.5,-363.58352402745993,0.9101787876629389,-0.37836732838096143,3029.0,-0.6244635193133047,-675.5,140.0,26.355472404115996,133.06361085126287
16:00,Long,2.0,70,1311,13.45537757437071,0.9714285714285714,0.0,0.02857142857142857,0.7285714285714285,-4.9071428571428575,-15.789697120910652,5.975411406624937,-0.8837836329361182,-0.8850957816960213,-343.5,-66.02745995423341,0.3081570996978852,-0.3880513471685676,440.5,-0.7797956867196367,-367.5,7.5,17.882142857142856,27.785714285714285
17:00,Both,3.0,706,1311,135.70709382151028,0.9645892351274787,0.0,0.03541076487252125,0.6841359773371105,-0.806657223796034,-2.5031611335859307,0.8898466859938626,-0.9319277779772233,-0.9319678665389877,-569.5,-109.46910755148741,0.7592983939137785,-0.40860141196840105,754.5,-0.75480450629556,-367.5,15.0,11.444050991501417,26.841359773371106
16:00,Long,15.0,400,1311,76.88787185354691,0.7925,0.0,0.2075,0.775,-3.64,-10.890237230052193,3.6102372300521925,-0.984004899926377,-0.9840320456878335,-1456.0,-279.87185354691076,0.8015672913117546,-0.4314278396565108,2667.0,-0.5459317585301837,-675.5,80.0,26.376875,108.55
16:00,Short,25.0,585,1311,112.44851258581235,0.7282051282051282,0.0,0.2717948717948718,0.7145299145299145,-2.282051282051282,-6.7295520679458445,2.1654495038432806,-1.0056745516852605,-1.0056691301107339,-1335.0,-256.6132723112128,0.8804994852974086,-0.4409141573327939,2312.5,-0.5772972972972973,-303.0,131.5,23.514529914529916,138.85470085470087
16:00,Both,1.0,82,1311,15.762013729977117,0.975609756097561,0.0,0.024390243902439025,0.5121951219512195,-1.8597560975609757,-5.264859118202283,1.5453469230803316,-1.0704683464506461,-1.0695760073135212,-152.5,-29.313501144164757,0.2685851318944844,-0.46893276312069826,186.5,-0.8176943699731903,-122.0,3.5,12.975609756097562,23.048780487804876
16:00,Long,3.0,110,1311,21.1441647597254,0.9181818181818182,0.0,0.08181818181818182,0.7636363636363637,-4.336363636363636,-11.858640068369917,3.185912795642645,-1.1298596502009965,-1.1285596342146604,-477.0,-91.68878718535468,0.4564102564102564,-0.4947928749336999,707.0,-0.6746817538896747,-367.5,15.0,17.775,49.27272727272727
17:00,Short,1.0,183,1311,35.17620137299771,0.9836065573770492,0.0,0.01639344262295082,0.39344262295081966,-0.6994535519125683,-1.8475817963876433,0.4486746925625068,-1.1940336700344334,-1.1928395669549103,-128.0,-24.60411899313501,0.4168564920273349,-0.5229750389566278,182.5,-0.7013698630136986,-87.5,3.5,9.972677595628415,15.737704918032787
17:00,Both,2.0,549,1311,105.52860411899313,0.970856102003643,0.0,0.029143897996357013,0.6102003642987249,-1.0828779599271403,-2.7559062670030965,0.5901503471488159,-1.2685988688141663,-1.2681895541368013,-594.5,-114.27459954233409,0.5770188545001779,-0.5560106319848062,719.5,-0.8262682418346073,-367.5,10.0,10.742714025500911,23.73406193078324
16:00,Both,5.0,375,1311,72.08237986270022,0.9093333333333333,0.0,0.09066666666666667,0.808,-2.481333333333333,-6.2013604980739006,1.2386938314072342,-1.3073356161022816,-1.3064533202737005,-930.5,-178.8604118993135,0.7049310290153797,-0.5727865632503629,1066.5,-0.8724800750117205,-367.5,26.5,15.67,52.626666666666665
17:00,Long,7.5,440,1311,84.5766590389016,0.9340909090909091,0.0,0.0659090909090909,0.7295454545454545,-2.6863636363636365,-6.643407387685228,1.2706801149579547,-1.3305832204719321,-1.3298093422260506,-1182.0,-227.20366132723112,0.649518161601186,-0.5830265123841628,1677.0,-0.7048300536672629,-529.5,36.0,16.467613636363637,44.21590909090909
16:00,Both,3.0,243,1311,46.70938215102975,0.934156378600823,0.0,0.06584362139917696,0.7777777777777778,-3.168724279835391,-7.744209099729325,1.4067605400585426,-1.3573611887859487,-1.3554470509191998,-770.0,-148.0091533180778,0.5401612421618394,-0.5942668183515329,841.0,-0.915576694411415,-367.5,16.0,15.48559670781893,39.81481481481482
17:00,Both,10.0,1082,1311,207.98169336384439,0.933456561922366,0.0,0.066543438077634,0.7504621072088724,-1.7629390018484288,-4.309943622696279,0.7840656189994211,-1.3566119784535966,-1.3565198905972862,-1907.5,-366.65903890160183,0.7803558063216075,-0.5947371820014189,2586.0,-0.7376256767208044,-540.5,48.0,16.99930683918669,42.98059149722736
16:00,Long,5.0,177,1311,34.022883295194504,0.8870056497175142,0.0,0.11299435028248588,0.7909604519774012,-4.172316384180791,-10.100544220876483,1.7559114525149022,-1.3794324602346235,-1.376397091225645,-738.5,-141.954233409611,0.5867375489647454,-0.6034519162045288,1004.0,-0.7355577689243028,-367.5,26.5,17.731638418079097,61.46892655367232
17:00,Long,2.0,253,1311,48.63157894736842,0.9565217391304348,0.0,0.043478260869565216,0.6007905138339921,-2.3715415019762847,-5.586570677675461,0.8434876737228914,-1.4457523444926783,-1.4432431627637223,-600.0,-115.33180778032036,0.375,-0.6327591489918907,682.5,-0.8791208791208791,-367.5,8.5,11.531620553359684,31.620553359683793
16:00,Long,10.0,306,1311,58.81922196796339,0.8202614379084967,0.0,0.17973856209150327,0.7777777777777778,-6.436274509803922,-14.160263192018967,1.287714172411122,-1.6332062166766033,-1.6298032678851972,-1969.5,-378.5766590389016,0.6343636869952659,-0.7145524437035372,2552.5,-0.7715964740450538,-540.5,57.0,24.65277777777778,92.66339869281046
17:00,Long,25.0,514,1311,98.80091533180777,0.8988326848249028,0.0,0.10116731517509728,0.72568093385214,-4.468871595330739,-9.766034417510992,0.8282912268495135,-1.6534940951401194,-1.6517998024470928,-2297.0,-441.52860411899314,0.666690851048393,-0.7241963546183845,2943.5,-0.7803635128248684,-540.5,125.0,22.469844357976655,59.9124513618677
17:00,Long,5.0,391,1311,75.15789473684211,0.9411764705882353,0.0,0.058823529411764705,0.710997442455243,-2.9347826086956523,-6.401613160953923,0.5320479435626182,-1.6591720230233653,-1.6565663352028719,-1147.5,-220.5720823798627,0.55763299922899,-0.7262861391314899,1382.5,-0.8300180831826401,-367.5,25.5,15.383631713554987,40.78005115089514
16:00,Short,10.0,366,1311,70.35240274599542,0.819672131147541,0.0,0.18032786885245902,0.7650273224043715,-3.751366120218579,-8.153303125772098,0.6505708853349406,-1.670297084481686,-1.6673586038245438,-1373.0,-263.91762013729976,0.730387825233186,-0.7310177788751795,1565.5,-0.8770360907058448,-303.0,53.5,18.880464480874316,96.21584699453553
17:00,Short,25.0,674,1311,129.55606407322654,0.9154302670623146,0.0,0.08456973293768547,0.755192878338279,-3.5185459940652817,-7.64083179213457,0.603739804004007,-1.672912509836673,-1.671828152544623,-2371.5,-455.84897025171625,0.7011530464368975,-0.7329773570789517,2874.0,-0.8251565762004175,-575.5,74.5,20.223293768545993,49.0727002967359
17:00,Long,inf,532,1311,102.26086956521739,0.8796992481203008,0.0,0.12030075187969924,0.7180451127819549,-5.171992481203008,-10.795103659191824,0.45111869678580874,-1.802724283864183,-1.8004618158674526,-2751.5,-528.8924485125858,0.6667272286821705,-0.7893740402130662,3333.0,-0.8255325532553255,-540.5,225.5,24.729793233082706,67.35902255639098
17:00,Both,15.0,1143,1311,219.70709382151028,0.9212598425196851,0.0,0.07874015748031496,0.7480314960629921,-3.0118110236220472,-5.965052636728506,-0.05856941051558806,-1.9988344857747906,-1.9984986900455082,-3442.5,-661.7162471395881,0.7092728654674436,-0.8761990792688275,4172.5,-0.8250449370880767,-540.5,74.0,19.18766404199475,48.4339457567804
16:00,Both,15.0,877,1311,168.5766590389016,0.7708095781071835,0.0,0.2291904218928164,0.7480045610034207,-4.157924743443558,-8.21042639455313,-0.10542309233398584,-2.010951139187646,-2.0097959585672016,-3646.5,-700.929061784897,0.7644836272040302,-0.8811521254360658,4670.0,-0.7808351177730193,-675.5,80.0,23.549315849486888,117.13226909920182
17:00,Long,1.0,154,1311,29.60183066361556,0.961038961038961,0.0,0.03896103896103896,0.37662337662337664,-2.175324675324675,-4.253886946864693,-0.09676240378465684,-2.0512053501236496,-2.0325957184878884,-335.0,-64.39359267734554,0.16458852867830423,-0.8911481933592331,350.5,-0.9557774607703281,-123.5,3.5,10.978896103896103,27.62987012987013
17:00,Long,3.0,311,1311,59.78032036613272,0.9421221864951769,0.0,0.05787781350482315,0.6527331189710611,-3.7266881028938905,-7.261468643950465,-0.1919075618373154,-2.066372844385141,-2.0581300141422787,-1159.0,-222.78260869565216,0.36993748301168794,-0.9023431600878055,1242.0,-0.9331723027375202,-367.5,12.0,12.897106109324758,37.60450160771704
16:00,Short,15.0,477,1311,91.68878718535468,0.7526205450733753,0.0,0.24737945492662475,0.7253668763102725,-4.5922431865828095,-8.906738684073009,-0.2777476890926103,-2.0861376098742896,-2.081486728715959,-2190.5,-421.05720823798623,0.7310785096065312,-0.9125834128866389,2559.5,-0.8558312170345771,-303.0,74.0,21.17819706498952,124.32914046121593
17:00,Long,15.0,489,1311,93.9954233409611,0.9120654396728016,0.0,0.08793456032719836,0.7280163599182005,-5.6114519427402865,-10.834584983359596,-0.38831890212097697,-2.1056794284138998,-2.1010555390792303,-2744.0,-527.4508009153318,0.5501639344262295,-0.9211629399626832,3086.5,-0.8890328851449862,-540.5,74.0,20.74846625766871,54.120654396728014
17:00,Long,10.0,463,1311,88.99771167048054,0.9200863930885529,0.0,0.07991360691144708,0.7257019438444925,-5.287257019438445,-10.13563103613592,-0.4388830027409698,-2.137383250788357,-2.1320713611919344,-2448.0,-470.5537757437071,0.5093205051112447,-0.9347611649268929,2746.5,-0.8913162206444566,-540.5,39.0,19.010799136069114,50.41036717062635
16:00,Both,inf,1303,1311,250.46224256292905,0.6615502686108979,0.0,0.33844973138910206,0.6845740598618573,-5.22985418265541,-10.03131967488449,-0.4283886904263303,-2.134832779667717,-2.134814982579093,-6814.5,-1309.8810068649884,0.8158641374837873,-0.9359640471430609,8464.5,-0.8050682261208577,-675.5,411.5,33.29739063699156,161.5464313123561
17:00,Short,inf,685,1311,131.67048054919908,0.9036496350364963,0.0,0.09635036496350365,0.7474452554744525,-4.945255474452555,-9.37081344846473,-0.5196975004403805,-2.1901244447923855,-2.187229837763049,-3387.5,-651.1441647597254,0.6351838888589737,-0.9589442212512287,3599.5,-0.9411029309626336,-575.5,183.0,21.97992700729927,53.13868613138686
16:00,Both,10.0,672,1311,129.1716247139588,0.8199404761904762,0.0,0.1800595238095238,0.7708333333333334,-4.973958333333333,-9.22830419212207,-0.7196124745445944,-2.291487244906065,-2.2879600748149915,-3342.5,-642.4942791762013,0.6810287241148965,-1.0031072429229781,3734.5,-0.895032802249297,-540.5,57.0,21.508928571428573,94.59821428571429
17:00,Both,25.0,1188,1311,228.3569794050343,0.9082491582491582,0.0,0.09175084175084175,0.7424242424242424,-3.9297138047138045,-7.2029025022964,-0.6565251071312095,-2.353086943392677,-2.352665170083435,-4668.5,-897.3775743707093,0.6851352262763877,-1.031475810378442,5476.0,-0.8525383491599707,-575.5,125.0,21.195286195286194,53.76262626262626
17:00,Both,1.0,337,1311,64.77803203661327,0.973293768545994,0.0,0.026706231454005934,0.3857566765578635,-1.3738872403560831,-2.510959467219365,-0.23681501349280132,-2.368160498111472,-2.356213123238297,-463.0,-88.99771167048054,0.25382755842062854,-1.0330313346842939,518.5,-0.892960462873674,-123.5,3.5,10.432492581602373,21.172106824925816
17:00,Both,inf,1217,1311,233.93135011441646,0.8931799506984388,0.0,0.10682004930156122,0.7345932621199671,-5.044371405094495,-8.542485473854189,-1.5462573363348007,-2.8263190285616178,-2.8257369510667494,-6139.0,-1180.0366132723111,0.650029929025454,-1.2388840318550374,6667.0,-0.9208039598020099,-575.5,225.5,23.182004930156122,59.35497124075596
16:00,Short,inf,722,1311,138.78260869565216,0.628808864265928,0.0,0.37119113573407203,0.646814404432133,-10.77562326869806,-16.747998549366066,-4.803247988030055,-3.536253616307964,-3.5236532212982405,-7780.0,-1495.4691075514875,0.6447650792201269,-1.5448705188262357,8426.0,-0.9233325421314977,-532.5,283.5,31.467797783933516,171.03185595567868
